Handle,Title,Status,Published,Variant SKU,Variant Inventory Tracker,Variant Inventory Qty,Variant Inventory Policy
alkaram-3-pc-printed-lawn-suit-with-lawn-dupatta-ss-15-1-24-2-black,Alkaram · Ladies Unstitched 3 piece,active,TRUE,KJC-LU-ALK-10015,shopify,5,deny
alkaram-4-piece-embroidered-yarn-dyed-organza-suit-with-yarn-dyed-organza-dupatta-hf-14-25-1-cherry-,Alkaram · Ladies Unstitched Printed Organza 3 piece,active,TRUE,KJC-LU-ALK-10016,shopify,5,deny
alkaram-2-pc-embroidered-thin-cambric-suit-with-fancy-zarri-dupatta-fc-34n-25-persian-blue,Alkaram · Ladies Unstitched Printed 2 piece,active,TRUE,KJC-LU-ALK-10017,shopify,5,deny
alkaram-3-pc-embroidered-viscose-jacquard-suit-with-chiffon-dupatta-fc-27k-25-white,Alkaram · Ladies Unstitched Embroidered Lawn 3 piece,active,TRUE,KJC-LU-ALK-10018,shopify,5,deny
alkaram-3-pc-embroidered-lawn-suit-with-burnout-dupatta-fc-24j-25-lavender,Alkaram · Ladies Unstitched Embroidered Lawn 3 piece,active,TRUE,KJC-LU-ALK-10019,shopify,5,deny
alkaram-3-pc-embroidered-jacquard-suit-with-organza-jacquard-dupatta-fc-20h-25-green,Alkaram · Ladies Unstitched Embroidered Jacquard 3 piece,active,TRUE,KJC-LU-ALK-10020,shopify,5,deny
alkaram-3-piece-embroidered-lawn-suit-with-chiffon-dupatta-ll-12-25-1-royal-blue,Alkaram · Ladies Unstitched Embroidered Lawn 3 piece,active,TRUE,KJC-LU-ALK-10021,shopify,5,deny
alkaram-3-piece-embroidered-lawn-suit-with-tissue-silk-dupatta-ll-11-25-1-sage-green,Alkaram · Ladies Unstitched Printed Lawn 3 piece,active,TRUE,KJC-LU-ALK-10022,shopify,5,deny
alkaram-3-piece-printed-lawn-suit-with-printed-zari-dupatta-ss-6-25-1-dark-blue,Alkaram · Ladies Unstitched Printed Lawn 3 piece,active,TRUE,KJC-LU-ALK-10023,shopify,5,deny
alkaram-four-piece-embroidered-organza-6m-suit-with-organza-dupatta-lf-09-24-2-ivory,Alkaram · Ladies Unstitched Embroidered Organza 3 piece,active,TRUE,KJC-LU-ALK-10024,shopify,5,deny
alkaram-3-pc-embroidered-indian-silk-suit-with-yarn-dyed-dupatta-f2-10-25-pink,Alkaram · Ladies Unstitched Embroidered Lawn 3 piece,active,TRUE,KJC-LU-ALK-10025,shopify,5,deny
alkaram-3-piece-printed-lawn-suit-with-printed-lawn-dupatta-ss-10-1-25-1-pink,Alkaram · Ladies Unstitched Printed Lawn 3 piece,active,TRUE,KJC-LU-ALK-10026,shopify,5,deny
alkaram-3-piece-embroiderd-dyed-self-jacquard-suit-with-printed-manar-dupatta-jec-02-25-1-mint-green,Alkaram · Ladies Unstitched Jacquard Lawn 2 piece,active,TRUE,KJC-LU-ALK-10027,shopify,5,deny
alkaram-3-piece-printed-light-cambric-suit-with-slub-dupatta-ac-03-25-1-black,Alkaram · Ladies Unstitched Printed 3 piece,active,TRUE,KJC-LU-ALK-10028,shopify,5,deny
alkaram-3-pc-printed-lawn-suit-with-printed-lawn-dupatta-ss-58-25-2-green,Alkaram · Ladies Unstitched Printed Lawn 3 piece,active,TRUE,KJC-LU-ALK-10029,shopify,5,deny
alkaram-3-pc-embroidered-dyed-lawn-suit-with-printed-burnout-dupatta-ss-43-25-2-red,Alkaram · Ladies Unstitched Embroidered Lawn 3 piece,active,TRUE,KJC-LU-ALK-10030,shopify,5,deny
alkaram-3-pc-embroidered-dyed-self-jacquard-suit-with-printed-chiffon-dupatta-ss-38-1-25-2-black,Alkaram · Ladies Unstitched Jacquard Lawn 2 piece,active,TRUE,KJC-LU-ALK-10031,shopify,5,deny
alkaram-2-pc-printed-lawn-suit-with-printed-lawn-dupatta-ss-66-1-25-2-green,Alkaram · Ladies Unstitched Embroidered Lawn 2 piece,active,TRUE,KJC-LU-ALK-10032,shopify,5,deny
alkaram-2-pc-embroidered-dyed-dobby-suit-with-dyed-cambric-trouser-ss-65-1-25-2-cream,Alkaram · Ladies Unstitched Embroidered 2 piece,active,TRUE,KJC-LU-ALK-10033,shopify,5,deny
alkaram-4-piece-embroidered-yarn-dyed-organza-suit-with-yarn-dyed-organza-dupatta-hf-15-25-1-navy-bl,Alkaram · Ladies Unstitched Printed Organza 3 piece,active,TRUE,KJC-LU-ALK-10034,shopify,5,deny
alkaram-4-piece-embroidered-yarn-dyed-organza-suit-with-dyed-organza-dupatta-hf-13-25-1-cream,Alkaram · Ladies Unstitched Printed Organza 3 piece,active,TRUE,KJC-LU-ALK-10035,shopify,5,deny
alkaram-4-piece-embroidered-yarn-dyed-organza-suit-with-dyed-organza-dupatta-hf-12-25-1-blush-pink,Alkaram · Ladies Unstitched Printed Organza 3 piece,active,TRUE,KJC-LU-ALK-10036,shopify,5,deny
alkaram-4-piece-embroidered-yarn-dyed-zari-net-suit-with-dyed-zari-net-dupatta-hf-11-25-1-lavender,Alkaram · Ladies Unstitched Printed 3 piece,active,TRUE,KJC-LU-ALK-10037,shopify,5,deny
alkaram-4-piece-embroidered-yarn-dyed-zari-net-suit-with-yarn-dyed-zari-net-dupatta-hf-10-25-1-sage-,Alkaram · Ladies Unstitched Printed 3 piece,active,TRUE,KJC-LU-ALK-10038,shopify,5,deny
alkaram-4-piece-embroidered-yarn-dyed-suit-with-yarn-dyed-zari-net-dupatta-hf-06-25-1-pink,Alkaram · Ladies Unstitched Printed Jacquard 3 piece,active,TRUE,KJC-LU-ALK-10039,shopify,5,deny
alkaram-4-piece-embroidered-yarn-dyed-suit-with-zari-khaddi-dupatta-hf-01-25-1-beige,Alkaram · Ladies Unstitched Printed Jacquard 3 piece,active,TRUE,KJC-LU-ALK-10040,shopify,5,deny
alkaram-2-pc-embroidered-thin-cambric-suit-with-yarn-dyed-dupatta-fc-33n-25-mint,Alkaram · Ladies Unstitched Printed 2 piece,active,TRUE,KJC-LU-ALK-10041,shopify,5,deny
alkaram-3-pc-embroidered-cotton-silk-suit-with-poly-net-dupatta-fc-32m-25-red,Alkaram · Ladies Unstitched Embroidered 3 piece,active,TRUE,KJC-LU-ALK-10042,shopify,5,deny
alkaram-3-pc-embroidered-cotton-silk-suit-with-organza-dupatta-fc-12e-25-lime-green,Alkaram · Ladies Unstitched Embroidered 3 piece,active,TRUE,KJC-LU-ALK-10043,shopify,5,deny
alkaram-3-piece-printed-lawn-suit-with-printed-chiffon-dupatta-ss-10-25-1-black,Alkaram · Ladies Unstitched Printed Lawn 3 piece,active,TRUE,KJC-LU-ALK-10044,shopify,5,deny
alkaram-3-piece-printed-lawn-suit-with-printed-chiffon-dupatta-ss-9-25-1-green,Alkaram · Ladies Unstitched Printed Lawn 3 piece,active,TRUE,KJC-LU-ALK-10045,shopify,5,deny
alkaram-rts-shirt-trouser-dupatta-ccb-12-26-purple,Alkaram · Ladies Unstitched 3 piece,active,TRUE,KJC-LU-ALK-10046,shopify,5,deny
alkaram-rts-shirt-trouser-dupatta-ccb-11-26-sea-green,Alkaram · Ladies Unstitched 3 piece,active,TRUE,KJC-LU-ALK-10047,shopify,5,deny
alkaram-rts-shirt-trouser-dupatta-ccb-10-26-green,Alkaram · Ladies Unstitched 3 piece,active,TRUE,KJC-LU-ALK-10048,shopify,5,deny
alkaram-rts-shirt-trouser-dupatta-ccb-09-26-lilac,Alkaram · Ladies Unstitched 3 piece,active,TRUE,KJC-LU-ALK-10049,shopify,5,deny
alkaram-rts-shirt-trouser-dupatta-ccb-07-26-black,Alkaram · Ladies Unstitched 3 piece,active,TRUE,KJC-LU-ALK-10050,shopify,5,deny
alkaram-rts-shirt-trouser-dupatta-ccb-06-26-blue,Alkaram · Ladies Unstitched 3 piece,active,TRUE,KJC-LU-ALK-10051,shopify,5,deny
alkaram-rts-shirt-trouser-dupatta-ccb-05-26-sand,Alkaram · Ladies Unstitched 3 piece,active,TRUE,KJC-LU-ALK-10052,shopify,5,deny
alkaram-rts-shirt-trouser-dupatta-ccb-04-26-offwhite,Alkaram · Ladies Unstitched 3 piece,active,TRUE,KJC-LU-ALK-10053,shopify,5,deny
alkaram-rts-shirt-trouser-dupatta-ccb-03-26-orange,Alkaram · Ladies Unstitched 3 piece,active,TRUE,KJC-LU-ALK-10054,shopify,5,deny
alkaram-rts-shirt-trouser-dupatta-ccb-02-26-grey,Alkaram · Ladies Unstitched 3 piece,active,TRUE,KJC-LU-ALK-10055,shopify,5,deny
alkaram-rts-shirt-trouser-dupatta-ccb-01-26-pink,Alkaram · Ladies Unstitched 3 piece,active,TRUE,KJC-LU-ALK-10056,shopify,5,deny
alkaram-rts-shirt-trouser-dupatta-m-14-26-peach,Alkaram · Ladies Unstitched 3 piece,active,TRUE,KJC-LU-ALK-10057,shopify,5,deny
alkaram-rts-shirt-trouser-dupatta-m-12-26-siege,Alkaram · Ladies Unstitched 3 piece,active,TRUE,KJC-LU-ALK-10058,shopify,5,deny
alkaram-rts-shirt-trouser-dupatta-m-11-26-fawn,Alkaram · Ladies Unstitched 3 piece,active,TRUE,KJC-LU-ALK-10059,shopify,5,deny
alkaram-rts-shirt-trouser-dupatta-m-09-26-off-white,Alkaram · Ladies Unstitched 3 piece,active,TRUE,KJC-LU-ALK-10060,shopify,5,deny
alkaram-rts-shirt-trouser-dupatta-m-08-26-yellow,Alkaram · Ladies Unstitched 3 piece,active,TRUE,KJC-LU-ALK-10061,shopify,5,deny
alkaram-rts-shirt-trouser-dupatta-m-07-26-off-white,Alkaram · Ladies Unstitched 3 piece,active,TRUE,KJC-LU-ALK-10062,shopify,5,deny
alkaram-rts-shirt-trouser-dupatta-m-06-26-sky-blue,Alkaram · Ladies Unstitched 3 piece,active,TRUE,KJC-LU-ALK-10063,shopify,5,deny
alkaram-rts-shirt-trouser-dupatta-m-05-26-peach,Alkaram · Ladies Unstitched 3 piece,active,TRUE,KJC-LU-ALK-10064,shopify,5,deny
alkaram-rts-shirt-trouser-dupatta-caj-02-26-peach,Alkaram · Ladies Unstitched Jacquard Jacquard 3 piece,active,TRUE,KJC-LU-ALK-10065,shopify,5,deny
alkaram-rts-shirt-trouser-dupatta-caj-07-26-green,Alkaram · Ladies Unstitched Jacquard Jacquard 3 piece,active,TRUE,KJC-LU-ALK-10066,shopify,5,deny
alkaram-rts-shirt-trouser-dupatta-caap-11-26-off-white,Alkaram · Ladies Unstitched 3 piece,active,TRUE,KJC-LU-ALK-10067,shopify,5,deny
alkaram-rts-shirt-trouser-dupatta-caap-10-26-cream,Alkaram · Ladies Unstitched 3 piece,active,TRUE,KJC-LU-ALK-10068,shopify,5,deny
alkaram-rts-shirt-trouser-dupatta-caap-09-26-navy-blue,Alkaram · Ladies Unstitched 3 piece,active,TRUE,KJC-LU-ALK-10069,shopify,5,deny
alkaram-rts-shirt-trouser-dupatta-caap-08-26-black,Alkaram · Ladies Unstitched 3 piece,active,TRUE,KJC-LU-ALK-10070,shopify,5,deny
alkaram-rts-shirt-trouser-dupatta-caap-06-26-mustard,Alkaram · Ladies Unstitched 3 piece,active,TRUE,KJC-LU-ALK-10071,shopify,5,deny
alkaram-rts-shirt-trouser-dupatta-caap-04-26-lime-yellow,Alkaram · Ladies Unstitched 3 piece,active,TRUE,KJC-LU-ALK-10072,shopify,5,deny
alkaram-rts-shirt-trouser-dupatta-caap-03-26-red,Alkaram · Ladies Unstitched 3 piece,active,TRUE,KJC-LU-ALK-10073,shopify,5,deny
alkaram-rts-shirt-trouser-dupatta-caap-02-26-black,Alkaram · Ladies Unstitched 3 piece,active,TRUE,KJC-LU-ALK-10074,shopify,5,deny
alkaram-rts-shirt-trouser-dupatta-caap-01-26-beige,Alkaram · Ladies Unstitched 3 piece,active,TRUE,KJC-LU-ALK-10075,shopify,5,deny
alkaram-rts-shirt-trouser-dupatta-caw-11-26-off-white,Alkaram · Ladies Unstitched 3 piece,active,TRUE,KJC-LU-ALK-10076,shopify,5,deny
alkaram-rts-shirt-trouser-dupatta-caw-10-26-white,Alkaram · Ladies Unstitched 3 piece,active,TRUE,KJC-LU-ALK-10077,shopify,5,deny
alkaram-rts-shirt-trouser-dupatta-caw-08-26-off-white,Alkaram · Ladies Unstitched 3 piece,active,TRUE,KJC-LU-ALK-10078,shopify,5,deny
alkaram-rts-shirt-trouser-dupatta-caw-07-26-white,Alkaram · Ladies Unstitched 3 piece,active,TRUE,KJC-LU-ALK-10079,shopify,5,deny
alkaram-rts-shirt-trouser-dupatta-caw-03-26-white,Alkaram · Ladies Unstitched 3 piece,active,TRUE,KJC-LU-ALK-10080,shopify,5,deny
alkaram-rts-shirt-trouser-dupatta-m-30-25-3-ochre,Alkaram · Ladies Unstitched Formal 3 piece,active,TRUE,KJC-LU-ALK-10081,shopify,5,deny
alkaram-rts-shirt-trouser-dupatta-m-29-25-3-pale-blue,Alkaram · Ladies Unstitched Formal 3 piece,active,TRUE,KJC-LU-ALK-10082,shopify,5,deny
alkaram-rts-shirt-trouser-dupatta-m-21-25-3-off-white,Alkaram · Ladies Unstitched Formal 3 piece,active,TRUE,KJC-LU-ALK-10083,shopify,5,deny
alkaram-rts-shirt-trouser-cs-10-25-yellow,Alkaram · Ladies Unstitched Formal 2 piece,active,TRUE,KJC-LU-ALK-10084,shopify,5,deny
alkaram-rts-shirt-trouser-cs-09-25-pink,Alkaram · Ladies Unstitched Formal 2 piece,active,TRUE,KJC-LU-ALK-10085,shopify,5,deny
alkaram-rts-shirt-trouser-dupatta-cs-05-25-blue,Alkaram · Ladies Unstitched Formal 3 piece,active,TRUE,KJC-LU-ALK-10086,shopify,5,deny
alkaram-shirt-trouser-dupatta-sk-08-25-periwinkle,Alkaram · Ladies Unstitched Formal Silk 3 piece,active,TRUE,KJC-LU-ALK-10087,shopify,5,deny
alkaram-shirt-trouser-j-21-25-2-green,Alkaram · Ladies Unstitched Jacquard Jacquard 2 piece,active,TRUE,KJC-LU-ALK-10088,shopify,5,deny
alkaram-shirt-trouser-dupatta-j-16-25-2-cream,Alkaram · Ladies Unstitched Jacquard Jacquard 3 piece,active,TRUE,KJC-LU-ALK-10089,shopify,5,deny
alkaram-rts-shirt-trouser-dupatta-wcs-10-25-mint-green,Alkaram · Ladies Unstitched Embroidered 3 piece,active,TRUE,KJC-LU-ALK-10090,shopify,5,deny
alkaram-2-piece-dyed-jacquard-suit-with-dyed-cambric-trouser-j-10-25-1-white,Alkaram · Ladies Unstitched Printed Jacquard 2 piece,active,TRUE,KJC-LU-ALK-10091,shopify,5,deny
alkaram-3-piece-dyed-jacquard-suit-with-dyed-jacquard-dupatta-j-07-25-1-green,Alkaram · Ladies Unstitched Printed Jacquard 3 piece,active,TRUE,KJC-LU-ALK-10092,shopify,5,deny
alkaram-3-piece-dyed-jacquard-suit-with-dyed-jacquard-dupatta-j-03-25-1-yellow,Alkaram · Ladies Unstitched Printed Jacquard 3 piece,active,TRUE,KJC-LU-ALK-10093,shopify,5,deny
alkaram-3-piece-embroidered-dyed-velvet-shirt-with-embroidered-mesuri-silk-dupatta-vc-06b-24-green,Alkaram · Ladies Unstitched Embroidered Velvet 3 piece,active,TRUE,KJC-LU-ALK-10094,shopify,5,deny
alkaram-3-pc-jacquard-suit-with-jacquard-dupatta-jc-03-24-sky-blue,Alkaram · Ladies Unstitched Embroidered Jacquard 3 piece,active,TRUE,KJC-LU-ALK-10095,shopify,5,deny
alkaram-3-pc-shamery-jacquard-suit-with-shamery-jacquard-dupatta-jc-10-23-5-grey,Alkaram · Ladies Unstitched Embroidered Jacquard 3 piece,active,TRUE,KJC-LU-ALK-10096,shopify,5,deny
alkaram-3-pc-jacquard-suit-with-shawl-jc-16-23-4-black,Alkaram · Ladies Unstitched Embroidered Jacquard 3 piece,active,TRUE,KJC-LU-ALK-10097,shopify,5,deny
alkaram-3-pc-embroidered-lawn-suit-with-chiffon-dyed-dupatta-ed-06a-23-grey,Alkaram · Ladies Unstitched Embroidered 3 piece,active,TRUE,KJC-LU-ALK-10098,shopify,5,deny
alkaram-3-pc-embroidered-jacquard-suit-with-fancy-dupatta-jc-8-23-2-orange,Alkaram · Ladies Unstitched Embroidered Jacquard 3 piece,active,TRUE,KJC-LU-ALK-10099,shopify,5,deny
alkaram-3-pc-embroidered-organza-suit-with-organza-dupatta-lc-04a-23-ochre,Alkaram · Ladies Unstitched Embroidered 3 piece,active,TRUE,KJC-LU-ALK-10100,shopify,5,deny
alkaram-2-pc-embroidered-khaddar-suit-with-khaddar-trouser-nc-01-22-orange,Alkaram · Ladies Unstitched 2 piece,active,TRUE,KJC-LU-ALK-10101,shopify,5,deny
alkaram-3-pc-embroidered-jacquard-suit-with-jacquard-dupatta-67498,Alkaram · Ladies Unstitched Embroidered Jacquard 3 piece,active,TRUE,KJC-LU-ALK-10102,shopify,5,deny
alkaram-1-pc-printed-cotton-satin-shirt-60794,Alkaram · Ladies Unstitched Formal 1 piece,active,TRUE,KJC-LU-ALK-10103,shopify,5,deny
alkaram-arbor-egyptian-cotton-fmarb-23s-off-white,Alkaram · Ladies Unstitched Casual Cotton,active,TRUE,KJC-LU-ALK-10104,shopify,5,deny
alkaram-evolution-egyptian-cotton-67475,Alkaram · Ladies Unstitched Casual Cotton,active,TRUE,KJC-LU-ALK-10105,shopify,5,deny
alkaram-artistic-blended-fmarb-22w-mehndi,Alkaram · Ladies Unstitched Casual Viscose 1 piece,active,TRUE,KJC-LU-ALK-10106,shopify,5,deny
alkaram-cresta-blended-59835,Alkaram · Ladies Unstitched Casual,active,TRUE,KJC-LU-ALK-10107,shopify,5,deny
alkaram-rts-shirt-trouser-dupatta-ms-66-1-25-1-green,Alkaram · Ladies Unstitched Embroidered 3 piece,active,TRUE,KJC-LU-ALK-10108,shopify,5,deny
alkaram-rts-shirt-trouser-dupatta-ms-76-25-1-orange,Alkaram · Ladies Unstitched Printed 3 piece,active,TRUE,KJC-LU-ALK-10109,shopify,5,deny
alkaram-rts-shirt-trouser-dupatta-ms-76-25-1-off-white,Alkaram · Ladies Unstitched Printed 3 piece,active,TRUE,KJC-LU-ALK-10110,shopify,5,deny
alkaram-rts-shirt-trouser-dupatta-ss-53-1-25-3-blue,Alkaram · Ladies Unstitched Printed 3 piece,active,TRUE,KJC-LU-ALK-10111,shopify,5,deny
alkaram-rts-shirt-trouser-dupatta-ss-51-1-25-3-blue,Alkaram · Ladies Unstitched Printed 3 piece,active,TRUE,KJC-LU-ALK-10112,shopify,5,deny
alkaram-3-piece-embroidered-dyed-self-jacquard-suit-with-printed-chiffon-dupatta-ss-31-1-25-2-beige,Alkaram · Ladies Unstitched Embroidered 3 piece,active,TRUE,KJC-LU-ALK-10113,shopify,5,deny
alkaram-3-pc-printed-lawn-suit-with-lawn-dupatta-ss-33-24-2-off-white-ss-33-24-2-pink-off-white,Alkaram · Ladies Unstitched 3 piece,active,TRUE,KJC-LU-ALK-10114,shopify,5,deny
alkaram-3-pc-printed-lawn-suit-with-lawn-dupatta-ss-20-24-2-black-ss-20-24-2-beige,Alkaram · Ladies Unstitched 3 piece,active,TRUE,KJC-LU-ALK-10115,shopify,5,deny
alkaram-3-piece-printed-kirundi-suit-with-karandi-dupatta-fw-49-1-24-orange,Alkaram · Ladies Unstitched Printed Karandi 3 piece,active,TRUE,KJC-LU-ALK-10116,shopify,5,deny
alkaram-3-pc-printed-lawn-suit-with-lawn-dupatta-ss-17-24-2-brown,Alkaram · Ladies Unstitched 3 piece,active,TRUE,KJC-LU-ALK-10117,shopify,5,deny
alkaram-3-pc-printed-lawn-suit-with-lawn-dupatta-ss-19-1-24-2-black,Alkaram · Ladies Unstitched 3 piece,active,TRUE,KJC-LU-ALK-10118,shopify,5,deny
alkaram-3-pc-printed-lawn-suit-with-poly-chiffon-dupatta-ss-19-24-2-orange,Alkaram · Ladies Unstitched Printed 3 piece,active,TRUE,KJC-LU-ALK-10119,shopify,5,deny
alkaram-3-pc-embroidered-lawn-suit-with-chiffon-dupatta-ss-43-24-yellow,Alkaram · Ladies Unstitched Printed 3 piece,active,TRUE,KJC-LU-ALK-10120,shopify,5,deny
alkaram-2-pc-printed-lawn-suit-with-lawn-dupatta-flrz-6-1-23-black,Alkaram · Ladies Unstitched Casual 2 piece,active,TRUE,KJC-LU-ALK-10121,shopify,5,deny
alkaram-2-pc-printed-lawn-suit-with-lawn-dupatta-flrz-17-1-23-red,Alkaram · Ladies Unstitched Casual 2 piece,active,TRUE,KJC-LU-ALK-10122,shopify,5,deny
alkaram-2-pc-printed-lawn-suit-with-lawn-dupatta-flrz-2-1-23-olive-green,Alkaram · Ladies Unstitched Casual 2 piece,active,TRUE,KJC-LU-ALK-10123,shopify,5,deny
alkaram-2-pc-printed-lawn-suit-with-lawn-dupatta-flrs-18-1-23-mint-green,Alkaram · Ladies Unstitched Casual 2 piece,active,TRUE,KJC-LU-ALK-10124,shopify,5,deny
alkaram-2-pc-printed-lawn-suit-with-lawn-dupatta-flrs-21-1-23-orange,Alkaram · Ladies Unstitched Casual 2 piece,active,TRUE,KJC-LU-ALK-10125,shopify,5,deny
alkaram-2-pc-printed-lawn-suit-with-lawn-dupatta-flrs-48-1-23-grey,Alkaram · Ladies Unstitched Casual 2 piece,active,TRUE,KJC-LU-ALK-10126,shopify,5,deny
alkaram-woolen-shawl-fabric-fw-c-23d-23-black,Alkaram · Ladies Unstitched Casual 1 piece,active,TRUE,KJC-LU-ALK-10127,shopify,5,deny
alkaram-3-pc-printed-lawn-suit-with-jacquard-net-dupatta-ss-30-1-23-yellow,Alkaram · Ladies Unstitched Printed 3 piece,active,TRUE,KJC-LU-ALK-10128,shopify,5,deny
alkaram-2-pc-embroidered-lawn-suit-with-cambric-trouser-64914,Alkaram · Ladies Unstitched Casual Lawn 2 piece,active,TRUE,KJC-LU-ALK-10129,shopify,5,deny
alkaram-1-pc-poly-chiffon-dupatta-62509,Alkaram · Ladies Unstitched Casual 1 piece,active,TRUE,KJC-LU-ALK-10130,shopify,5,deny
alkaram-4-pc-embroidered-organza-suit-with-organza-dupatta-hf-05-24-ochre,Alkaram · Ladies Unstitched Embroidered 3 piece,active,TRUE,KJC-LU-ALK-10131,shopify,5,deny
alkaram-3-pc-embroidered-glim-suit-with-zari-lawn-dupatta-fc-w-14d-23-3-brown,Alkaram · Ladies Unstitched Embroidered 3 piece,active,TRUE,KJC-LU-ALK-10132,shopify,5,deny
alkaram-3-pc-embroidered-two-way-slub-suit-with-yarn-dyed-dupatta-fc-13e-23-2-grey,Alkaram · Ladies Unstitched Embroidered 3 piece,active,TRUE,KJC-LU-ALK-10133,shopify,5,deny
alkaram-3-pc-embroidered-lawn-suit-with-chiffon-dupatta-fc-10d-23-2-cream,Alkaram · Ladies Unstitched Embroidered 3 piece,active,TRUE,KJC-LU-ALK-10134,shopify,5,deny
alkaram-3-pc-embroidered-one-way-slub-suit-with-fancy-dupatta-fc-1a-23-2-mint,Alkaram · Ladies Unstitched Embroidered 3 piece,active,TRUE,KJC-LU-ALK-10135,shopify,5,deny
alkaram-3-pc-embroidered-suit-with-cotton-silk-dupatta-32878,Alkaram · Ladies Unstitched Embroidered Silk 3 piece,active,TRUE,KJC-LU-ALK-10136,shopify,5,deny
alkaram-3-pc-embroidered-organza-zari-suit-with-chiffon-dupatta-64803,Alkaram · Ladies Unstitched Embroidered 3 piece,active,TRUE,KJC-LU-ALK-10137,shopify,5,deny
alkaram-rts-shirt-dupatta-fw-119-1-25-1-purple,Alkaram · Ladies Unstitched 2 piece,active,TRUE,KJC-LU-ALK-10138,shopify,5,deny
alkaram-rts-shirt-dupatta-fw-118-1-25-1-green,Alkaram · Ladies Unstitched 2 piece,active,TRUE,KJC-LU-ALK-10139,shopify,5,deny
alkaram-rts-shirt-dupatta-fw-137-25-1-grey,Alkaram · Ladies Unstitched 2 piece,active,TRUE,KJC-LU-ALK-10140,shopify,5,deny
alkaram-rts-shirt-dupatta-fw-116-1-25-1-charcoal,Alkaram · Ladies Unstitched 2 piece,active,TRUE,KJC-LU-ALK-10141,shopify,5,deny
alkaram-rts-shirt-trouser-fw-140-25-1-beige,Alkaram · Ladies Unstitched 2 piece,active,TRUE,KJC-LU-ALK-10142,shopify,5,deny
alkaram-rts-shirt-dupatta-fw-166-25-2-gray,Alkaram · Ladies Unstitched 2 piece,active,TRUE,KJC-LU-ALK-10143,shopify,5,deny
alkaram-rts-shirt-trouser-fw-139-25-1-purple,Alkaram · Ladies Unstitched 2 piece,active,TRUE,KJC-LU-ALK-10144,shopify,5,deny
alkaram-rts-shirt-trouser-fw-121-1-25-1-purple,Alkaram · Ladies Unstitched 2 piece,active,TRUE,KJC-LU-ALK-10145,shopify,5,deny
alkaram-rts-shirt-trouser-dupatta-fw-123-25-1-blue,Alkaram · Ladies Unstitched 3 piece,active,TRUE,KJC-LU-ALK-10146,shopify,5,deny
alkaram-rts-shirt-trouser-fw-122-1-25-1-blue,Alkaram · Ladies Unstitched 2 piece,active,TRUE,KJC-LU-ALK-10147,shopify,5,deny
alkaram-rts-shirt-trouser-dupatta-fw-129-25-1-lilac,Alkaram · Ladies Unstitched 3 piece,active,TRUE,KJC-LU-ALK-10148,shopify,5,deny
alkaram-rts-shirt-trouser-dupatta-fw-129-25-1-pink,Alkaram · Ladies Unstitched 3 piece,active,TRUE,KJC-LU-ALK-10149,shopify,5,deny
alkaram-rts-shirt-trouser-dupatta-fw-135-25-1-olive,Alkaram · Ladies Unstitched 3 piece,active,TRUE,KJC-LU-ALK-10150,shopify,5,deny
alkaram-rts-shirt-trouser-dupatta-fw-176-25-1-green,Alkaram · Ladies Unstitched 3 piece,active,TRUE,KJC-LU-ALK-10151,shopify,5,deny
alkaram-rts-shirt-trouser-shawl-fw-90-25-1-off-white,Alkaram · Ladies Unstitched 2 piece,active,TRUE,KJC-LU-ALK-10152,shopify,5,deny
alkaram-rts-shirt-trouser-dupatta-fw-85-1-25-1-beige,Alkaram · Ladies Unstitched 3 piece,active,TRUE,KJC-LU-ALK-10153,shopify,5,deny
alkaram-rts-shirt-trouser-shawl-fw-100-25-1-red,Alkaram · Ladies Unstitched 2 piece,active,TRUE,KJC-LU-ALK-10154,shopify,5,deny
alkaram-four-piece-embroidered-organza-6m-suit-with-organza-dupatta-lf-10-24-2-tea-pink,Alkaram · Ladies Unstitched Embroidered 3 piece,active,TRUE,KJC-LU-ALK-10155,shopify,5,deny
alkaram-3-pc-embroidered-suit-with-poly-net-dupatta,Alkaram · Ladies Unstitched Formal 3 piece,active,TRUE,KJC-LU-ALK-10156,shopify,5,deny
alkaram-rts-shirt-trouser-dupatta-ec343-3p26a-light-blue,Alkaram · Ladies Unstitched 3 piece,active,TRUE,KJC-LU-ALK-10157,shopify,5,deny
alkaram-rts-shirt-trouser-dupatta-ec341-3p26b-lilac,Alkaram · Ladies Unstitched 3 piece,active,TRUE,KJC-LU-ALK-10158,shopify,5,deny
alkaram-rts-shirt-trouser-dupatta-ec341-3p26a-green,Alkaram · Ladies Unstitched 3 piece,active,TRUE,KJC-LU-ALK-10159,shopify,5,deny
alkaram-rts-shirt-trouser-dupatta-ec339-3p26b-mustard,Alkaram · Ladies Unstitched 3 piece,active,TRUE,KJC-LU-ALK-10160,shopify,5,deny
alkaram-rts-shirt-trouser-dupatta-ec337-3p26-blue,Alkaram · Ladies Unstitched 3 piece,active,TRUE,KJC-LU-ALK-10161,shopify,5,deny
alkaram-rts-shirt-trouser-dupatta-ec336-3p26-grey,Alkaram · Ladies Unstitched 3 piece,active,TRUE,KJC-LU-ALK-10162,shopify,5,deny
alkaram-rts-shirt-trouser-dupatta-ec335-3p26-b-rust,Alkaram · Ladies Unstitched 3 piece,active,TRUE,KJC-LU-ALK-10163,shopify,5,deny
alkaram-rts-shirt-trouser-dupatta-ec335-3p26-green,Alkaram · Ladies Unstitched 3 piece,active,TRUE,KJC-LU-ALK-10164,shopify,5,deny
alkaram-rts-shirt-trouser-dupatta-ec334-3p26-blue,Alkaram · Ladies Unstitched 3 piece,active,TRUE,KJC-LU-ALK-10165,shopify,5,deny
alkaram-rts-shirt-trouser-dupatta-ec333-3p26-peach,Alkaram · Ladies Unstitched 3 piece,active,TRUE,KJC-LU-ALK-10166,shopify,5,deny
alkaram-rts-shirt-trouser-dupatta-ec332-3p26-grey,Alkaram · Ladies Unstitched 3 piece,active,TRUE,KJC-LU-ALK-10167,shopify,5,deny
alkaram-rts-shirt-trouser-dupatta-ec331-3p26-blue,Alkaram · Ladies Unstitched 3 piece,active,TRUE,KJC-LU-ALK-10168,shopify,5,deny
alkaram-rts-shirt-trouser-dupatta-ec329-3p26-blue,Alkaram · Ladies Unstitched 3 piece,active,TRUE,KJC-LU-ALK-10169,shopify,5,deny
alkaram-rts-shirt-trouser-bd275-2p26-peach,Alkaram · Ladies Unstitched Casual 2 piece,active,TRUE,KJC-LU-ALK-10170,shopify,5,deny
alkaram-rts-shirt-trouser-bd274-2p26-light-blue,Alkaram · Ladies Unstitched Casual 2 piece,active,TRUE,KJC-LU-ALK-10171,shopify,5,deny
alkaram-rts-shirt-trouser-bd272-2p26-red,Alkaram · Ladies Unstitched Casual 2 piece,active,TRUE,KJC-LU-ALK-10172,shopify,5,deny
alkaram-rts-shirt-trouser-bd271-2p26-beige,Alkaram · Ladies Unstitched Casual 2 piece,active,TRUE,KJC-LU-ALK-10173,shopify,5,deny
alkaram-rts-shirt-dupatta-br260-2p26-black,Alkaram · Ladies Unstitched Casual 2 piece,active,TRUE,KJC-LU-ALK-10174,shopify,5,deny
alkaram-rts-shirt-dupatta-bd266-2p26-light-pink,Alkaram · Ladies Unstitched Casual 2 piece,active,TRUE,KJC-LU-ALK-10175,shopify,5,deny
alkaram-rts-shirt-bd258-26-pink,Alkaram · Ladies Unstitched Casual 1 piece,active,TRUE,KJC-LU-ALK-10176,shopify,5,deny
alkaram-rts-shirt-bd257-26-blue,Alkaram · Ladies Unstitched Casual 1 piece,active,TRUE,KJC-LU-ALK-10177,shopify,5,deny
alkaram-rts-trouser-bt-4-navy-blue,Alkaram · Ladies Unstitched Casual 1 piece,active,TRUE,KJC-LU-ALK-10178,shopify,5,deny
alkaram-rts-shirt-trouser-dupatta-ec327-3p26-beige,Alkaram · Ladies Unstitched 3 piece,active,TRUE,KJC-LU-ALK-10179,shopify,5,deny
alkaram-rts-shirt-trouser-dupatta-ec345-3p26b-beige,Alkaram · Ladies Unstitched Lawn 3 piece,active,TRUE,KJC-LU-ALK-10180,shopify,5,deny
alkaram-rts-shirt-trouser-dupatta-ec345-3p26a-pink,Alkaram · Ladies Unstitched Lawn 3 piece,active,TRUE,KJC-LU-ALK-10181,shopify,5,deny
alkaram-rts-shirt-trouser-dupatta-ec344-3p26b-dark-blue,Alkaram · Ladies Unstitched Lawn 3 piece,active,TRUE,KJC-LU-ALK-10182,shopify,5,deny
alkaram-rts-shirt-trouser-dupatta-ec344-3p26a-yellow,Alkaram · Ladies Unstitched 3 piece,active,TRUE,KJC-LU-ALK-10183,shopify,5,deny
alkaram-rts-shirt-trouser-dupatta-ec342-3p26b-white,Alkaram · Ladies Unstitched Lawn 3 piece,active,TRUE,KJC-LU-ALK-10184,shopify,5,deny
alkaram-rts-shirt-trouser-dupatta-ec342-3p26a-purple,Alkaram · Ladies Unstitched Lawn 3 piece,active,TRUE,KJC-LU-ALK-10185,shopify,5,deny
alkaram-rts-shirt-trouser-dupatta-ec340-3p26b-blue,Alkaram · Ladies Unstitched Lawn 3 piece,active,TRUE,KJC-LU-ALK-10186,shopify,5,deny
alkaram-rts-shirt-trouser-dupatta-ec340-3p26a-beige,Alkaram · Ladies Unstitched 3 piece,active,TRUE,KJC-LU-ALK-10187,shopify,5,deny
alkaram-rts-shirt-trouser-dupatta-ec339-3p26a-red,Alkaram · Ladies Unstitched Lawn 3 piece,active,TRUE,KJC-LU-ALK-10188,shopify,5,deny
alkaram-rts-shirt-trouser-dupatta-ec338-3p26-peach,Alkaram · Ladies Unstitched Lawn 3 piece,active,TRUE,KJC-LU-ALK-10189,shopify,5,deny
alkaram-rts-shirt-trouser-dupatta-ec154-26-2-lilac,Alkaram · Ladies Unstitched 3 piece,active,TRUE,KJC-LU-ALK-10190,shopify,5,deny
alkaram-rts-shirt-trouser-dupatta-sf-35-26-2-brown,Alkaram · Ladies Unstitched Formal 3 piece,active,TRUE,KJC-LU-ALK-10191,shopify,5,deny
alkaram-rts-shirt-trouser-dupatta-sf-33-26-2-purple,Alkaram · Ladies Unstitched Formal 3 piece,active,TRUE,KJC-LU-ALK-10192,shopify,5,deny
alkaram-rts-shirt-trouser-dupatta-sf-32-26-2-dark-green,Alkaram · Ladies Unstitched Formal 3 piece,active,TRUE,KJC-LU-ALK-10193,shopify,5,deny
alkaram-rts-shirt-trouser-dupatta-sf-31-26-2-rust,Alkaram · Ladies Unstitched Formal 3 piece,active,TRUE,KJC-LU-ALK-10194,shopify,5,deny
alkaram-rts-shirt-trouser-dupatta-sf-29-26-2-peach,Alkaram · Ladies Unstitched Formal 3 piece,active,TRUE,KJC-LU-ALK-10195,shopify,5,deny
alkaram-rts-shirt-trouser-dupatta-sf-24-26-2-yellow,Alkaram · Ladies Unstitched Formal 3 piece,active,TRUE,KJC-LU-ALK-10196,shopify,5,deny
alkaram-rts-shirt-trouser-dupatta-sf-22-26-2-black,Alkaram · Ladies Unstitched Formal 3 piece,active,TRUE,KJC-LU-ALK-10197,shopify,5,deny
alkaram-rts-shirt-trouser-dupatta-sf-18-26-2-powder-pink,Alkaram · Ladies Unstitched Formal 3 piece,active,TRUE,KJC-LU-ALK-10198,shopify,5,deny
alkaram-rts-shirt-trouser-dupatta-sf-15-26-2-butter-yellow,Alkaram · Ladies Unstitched Formal 3 piece,active,TRUE,KJC-LU-ALK-10199,shopify,5,deny
alkaram-rts-shirt-trouser-dupatta-sf-14-26-2-pink,Alkaram · Ladies Unstitched Formal 3 piece,active,TRUE,KJC-LU-ALK-10200,shopify,5,deny
alkaram-rts-shirt-trouser-dupatta-sf-10-26-2-peacock-green,Alkaram · Ladies Unstitched Formal 3 piece,active,TRUE,KJC-LU-ALK-10201,shopify,5,deny
alkaram-rts-shirt-trouser-bd116-26-2-beige,Alkaram · Ladies Unstitched Casual Lawn 2 piece,active,TRUE,KJC-LU-ALK-10202,shopify,5,deny
alkaram-rts-shirt-trouser-bd114-26-2-cream,Alkaram · Ladies Unstitched Casual Lawn 2 piece,active,TRUE,KJC-LU-ALK-10203,shopify,5,deny
alkaram-rts-shirt-dupatta-bd102-p26-2-light-blue,Alkaram · Ladies Unstitched Casual Lawn 2 piece,active,TRUE,KJC-LU-ALK-10204,shopify,5,deny
alkaram-rts-shirt-trouser-dupatta-ef132-26a-2-blue,Alkaram · Ladies Unstitched Lawn 3 piece,active,TRUE,KJC-LU-ALK-10205,shopify,5,deny
alkaram-rts-shirt-trouser-br174-2p26-3-lilac,Alkaram · Ladies Unstitched Casual 2 piece,active,TRUE,KJC-LU-ALK-10206,shopify,5,deny
alkaram-rts-shirt-trouser-br171-2p26-3-blue,Alkaram · Ladies Unstitched Casual 2 piece,active,TRUE,KJC-LU-ALK-10207,shopify,5,deny
alkaram-rts-shirt-trouser-br168-2p26-3-cream,Alkaram · Ladies Unstitched Casual 2 piece,active,TRUE,KJC-LU-ALK-10208,shopify,5,deny
alkaram-rts-shirt-trouser-br166-2p26-3-beige,Alkaram · Ladies Unstitched Casual 2 piece,active,TRUE,KJC-LU-ALK-10209,shopify,5,deny
alkaram-rts-shirt-dupatta-br156-2p26-3-cream,Alkaram · Ladies Unstitched Casual Lawn 2 piece,active,TRUE,KJC-LU-ALK-10210,shopify,5,deny
alkaram-rts-shirt-trouser-bd175-2p26-3-peach,Alkaram · Ladies Unstitched Casual 2 piece,active,TRUE,KJC-LU-ALK-10211,shopify,5,deny
alkaram-rts-shirt-br123-26-3-red,Alkaram · Ladies Unstitched Casual Lawn 1 piece,active,TRUE,KJC-LU-ALK-10212,shopify,5,deny
alkaram-rts-shirt-br121-26-3-orange,Alkaram · Ladies Unstitched Casual Lawn 1 piece,active,TRUE,KJC-LU-ALK-10213,shopify,5,deny
alkaram-rts-shirt-dupatta-ef148-26-2-beige,Alkaram · Ladies Unstitched Lawn 2 piece,active,TRUE,KJC-LU-ALK-10214,shopify,5,deny
alkaram-rts-shirt-dupatta-ef147-26-2-brown,Alkaram · Ladies Unstitched Lawn 2 piece,active,TRUE,KJC-LU-ALK-10215,shopify,5,deny
alkaram-rts-shirt-dupatta-ef146-26-2-maroon,Alkaram · Ladies Unstitched Lawn 2 piece,active,TRUE,KJC-LU-ALK-10216,shopify,5,deny
alkaram-rts-shirt-trouser-dupatta-ef142-26b-2-beige,Alkaram · Ladies Unstitched Lawn 3 piece,active,TRUE,KJC-LU-ALK-10217,shopify,5,deny
alkaram-rts-shirt-trouser-dupatta-ef142-26a-2-peach,Alkaram · Ladies Unstitched Lawn 3 piece,active,TRUE,KJC-LU-ALK-10218,shopify,5,deny
alkaram-rts-shirt-trouser-dupatta-ef137-26b-2-black,Alkaram · Ladies Unstitched Lawn 3 piece,active,TRUE,KJC-LU-ALK-10219,shopify,5,deny
alkaram-rts-shirt-trouser-dupatta-ef137-26a-2-beige,Alkaram · Ladies Unstitched Lawn 3 piece,active,TRUE,KJC-LU-ALK-10220,shopify,5,deny
alkaram-rts-shirt-trouser-dupatta-ef136-26b-2-yellow,Alkaram · Ladies Unstitched Lawn 3 piece,active,TRUE,KJC-LU-ALK-10221,shopify,5,deny
alkaram-rts-shirt-trouser-dupatta-ef136-26a-2-purple,Alkaram · Ladies Unstitched Lawn 3 piece,active,TRUE,KJC-LU-ALK-10222,shopify,5,deny
alkaram-rts-shirt-trouser-dupatta-ef131-3p26-maroon,Alkaram · Ladies Unstitched 3 piece,active,TRUE,KJC-LU-ALK-10223,shopify,5,deny
alkaram-rts-shirt-trouser-dupatta-ef124-26-2-beige,Alkaram · Ladies Unstitched Lawn 3 piece,active,TRUE,KJC-LU-ALK-10224,shopify,5,deny
alkaram-rts-shirt-trouser-dupatta-ef122-26-2-dark-green,Alkaram · Ladies Unstitched Lawn 3 piece,active,TRUE,KJC-LU-ALK-10225,shopify,5,deny
alkaram-rts-shirt-trouser-dupatta-ef121-26-2-light-pink,Alkaram · Ladies Unstitched Lawn 3 piece,active,TRUE,KJC-LU-ALK-10226,shopify,5,deny
alkaram-rts-shirt-trouser-dupatta-ef120-26-2-blue,Alkaram · Ladies Unstitched Lawn 3 piece,active,TRUE,KJC-LU-ALK-10227,shopify,5,deny
alkaram-rts-shirt-trouser-dupatta-ef114-26-2-burgundy,Alkaram · Ladies Unstitched 3 piece,active,TRUE,KJC-LU-ALK-10228,shopify,5,deny
alkaram-rts-shirt-trouser-ec189-26-2-white,Alkaram · Ladies Unstitched Lawn 2 piece,active,TRUE,KJC-LU-ALK-10229,shopify,5,deny
alkaram-rts-shirt-dupatta-ec188-26a-2-purple,Alkaram · Ladies Unstitched Lawn 2 piece,active,TRUE,KJC-LU-ALK-10230,shopify,5,deny
alkaram-rts-shirt-dupatta-ec186-26b-2-musturd,Alkaram · Ladies Unstitched Lawn 2 piece,active,TRUE,KJC-LU-ALK-10231,shopify,5,deny
alkaram-rts-shirt-trouser-dupatta-ec173-26-2-blue,Alkaram · Ladies Unstitched Lawn 3 piece,active,TRUE,KJC-LU-ALK-10232,shopify,5,deny
alkaram-rts-shirt-trouser-dupatta-ec163-26-2-green,Alkaram · Ladies Unstitched Lawn 3 piece,active,TRUE,KJC-LU-ALK-10233,shopify,5,deny
alkaram-rts-shirt-trouser-dupatta-ec152-26-2-cream,Alkaram · Ladies Unstitched 3 piece,active,TRUE,KJC-LU-ALK-10234,shopify,5,deny
alkaram-rts-shirt-touser-dupatta-sf-20-26-grey,Alkaram · Ladies Unstitched Formal 3 piece,active,TRUE,KJC-LU-ALK-10235,shopify,5,deny
alkaram-rts-shirt-touser-dupatta-sf-13-26-cream,Alkaram · Ladies Unstitched Formal 3 piece,active,TRUE,KJC-LU-ALK-10236,shopify,5,deny
alkaram-rts-shirt-touser-dupatta-sf-12-26-green,Alkaram · Ladies Unstitched Formal 3 piece,active,TRUE,KJC-LU-ALK-10237,shopify,5,deny
alkaram-rts-shirt-touser-dupatta-sf-06-26-off-white,Alkaram · Ladies Unstitched Formal 3 piece,active,TRUE,KJC-LU-ALK-10238,shopify,5,deny
alkaram-rts-shirt-trouser-dupatta-lw-16-26-teal,Alkaram · Ladies Unstitched Formal 3 piece,active,TRUE,KJC-LU-ALK-10239,shopify,5,deny
alkaram-rts-shirt-trouser-dupatta-lw-15-26-butter-yellow,Alkaram · Ladies Unstitched Formal 3 piece,active,TRUE,KJC-LU-ALK-10240,shopify,5,deny
alkaram-rts-shirt-trouser-dupatta-lw-14-26-sand-brown,Alkaram · Ladies Unstitched Formal 3 piece,active,TRUE,KJC-LU-ALK-10241,shopify,5,deny
alkaram-rts-shirt-trouser-dupatta-lw-13-26-peach,Alkaram · Ladies Unstitched Formal 3 piece,active,TRUE,KJC-LU-ALK-10242,shopify,5,deny
alkaram-rts-shirt-trouser-dupatta-lw-12-26-mint-green,Alkaram · Ladies Unstitched Formal 3 piece,active,TRUE,KJC-LU-ALK-10243,shopify,5,deny
alkaram-rts-shirt-trouser-dupatta-lw-02-26-blue,Alkaram · Ladies Unstitched Formal 3 piece,active,TRUE,KJC-LU-ALK-10244,shopify,5,deny
alkaram-rts-shirt-trouser-dupatta-lw-01-26-white,Alkaram · Ladies Unstitched Formal 3 piece,active,TRUE,KJC-LU-ALK-10245,shopify,5,deny
alkaram-rts-shirt-dupatta-br97-26-2-charcoal,Alkaram · Ladies Unstitched Casual Lawn 2 piece,active,TRUE,KJC-LU-ALK-10246,shopify,5,deny
alkaram-rts-shirt-dupatta-br96-26-2-grey,Alkaram · Ladies Unstitched Casual Lawn 2 piece,active,TRUE,KJC-LU-ALK-10247,shopify,5,deny
alkaram-rts-shirt-dupatta-br95-26-2-light-blue,Alkaram · Ladies Unstitched Casual Lawn 2 piece,active,TRUE,KJC-LU-ALK-10248,shopify,5,deny
alkaram-rts-shirt-dupatta-br93-26-2-peach,Alkaram · Ladies Unstitched Casual Lawn 2 piece,active,TRUE,KJC-LU-ALK-10249,shopify,5,deny
alkaram-rts-shirt-dupatta-br92-26-2-purple,Alkaram · Ladies Unstitched Casual Lawn 2 piece,active,TRUE,KJC-LU-ALK-10250,shopify,5,deny
alkaram-rts-shirt-dupatta-br89-26-2-peach,Alkaram · Ladies Unstitched Casual Lawn 2 piece,active,TRUE,KJC-LU-ALK-10251,shopify,5,deny
alkaram-rts-shirt-dupatta-br88-26-2-teal,Alkaram · Ladies Unstitched Casual Lawn 2 piece,active,TRUE,KJC-LU-ALK-10252,shopify,5,deny
alkaram-rts-shirt-trouser-br110-26-2-green,Alkaram · Ladies Unstitched Casual Lawn 2 piece,active,TRUE,KJC-LU-ALK-10253,shopify,5,deny
alkaram-rts-shirt-trouser-br107-26-2-olive-grey,Alkaram · Ladies Unstitched Casual Lawn 2 piece,active,TRUE,KJC-LU-ALK-10254,shopify,5,deny
alkaram-rts-shirt-trouser-br106-26-2-pink,Alkaram · Ladies Unstitched Casual Lawn 2 piece,active,TRUE,KJC-LU-ALK-10255,shopify,5,deny
alkaram-rts-shirt-trouser-br104-26-2-beige,Alkaram · Ladies Unstitched Casual Lawn 2 piece,active,TRUE,KJC-LU-ALK-10256,shopify,5,deny
alkaram-rts-shirt-trouser-br103-26-2-light-ferozi,Alkaram · Ladies Unstitched Casual Lawn 2 piece,active,TRUE,KJC-LU-ALK-10257,shopify,5,deny
alkaram-rts-shirt-dupatta-bd99-26-2-off-white,Alkaram · Ladies Unstitched Casual Lawn 2 piece,active,TRUE,KJC-LU-ALK-10258,shopify,5,deny
alkaram-rts-shirt-dupatta-bd98-26-2-teracotta,Alkaram · Ladies Unstitched Casual Lawn 2 piece,active,TRUE,KJC-LU-ALK-10259,shopify,5,deny
alkaram-rts-shirt-trouser-bd113-26-2-sand-pink,Alkaram · Ladies Unstitched Casual Lawn 2 piece,active,TRUE,KJC-LU-ALK-10260,shopify,5,deny
alkaram-rts-shirt-trouser-bd112-26-2-peach,Alkaram · Ladies Unstitched Casual Lawn 2 piece,active,TRUE,KJC-LU-ALK-10261,shopify,5,deny
alkaram-rts-shirt-dupatta-bd101-26-2-mustard,Alkaram · Ladies Unstitched Casual Lawn 2 piece,active,TRUE,KJC-LU-ALK-10262,shopify,5,deny
alkaram-rts-shirt-dupatta-bd100-26-2-blue,Alkaram · Ladies Unstitched Casual Lawn 2 piece,active,TRUE,KJC-LU-ALK-10263,shopify,5,deny
alkaram-rts-shirt-br71-26-2-grey,Alkaram · Ladies Unstitched Casual Lawn 1 piece,active,TRUE,KJC-LU-ALK-10264,shopify,5,deny
alkaram-rts-shirt-br64-26-2-beige,Alkaram · Ladies Unstitched Casual Lawn 1 piece,active,TRUE,KJC-LU-ALK-10265,shopify,5,deny
alkaram-rts-shirt-bd87-26-2-dark-blue,Alkaram · Ladies Unstitched Casual Lawn 1 piece,active,TRUE,KJC-LU-ALK-10266,shopify,5,deny
alkaram-rts-shirt-bd86-26-2-cream,Alkaram · Ladies Unstitched Casual Lawn 1 piece,active,TRUE,KJC-LU-ALK-10267,shopify,5,deny
alkaram-rts-shirt-bd85-26-2-purple,Alkaram · Ladies Unstitched Casual Lawn 1 piece,active,TRUE,KJC-LU-ALK-10268,shopify,5,deny
alkaram-rts-shirt-bd84-26-2-brown,Alkaram · Ladies Unstitched Casual Lawn 1 piece,active,TRUE,KJC-LU-ALK-10269,shopify,5,deny
alkaram-rts-shirt-bd80-26-2-midnight-blue,Alkaram · Ladies Unstitched Casual Lawn 1 piece,active,TRUE,KJC-LU-ALK-10270,shopify,5,deny
alkaram-rts-shirt-bd79-26-2-cream,Alkaram · Ladies Unstitched Casual Lawn 1 piece,active,TRUE,KJC-LU-ALK-10271,shopify,5,deny
alkaram-rts-shirt-trouser-dupatta-ec47-3p26-a-blue,Alkaram · Ladies Unstitched 3 piece,active,TRUE,KJC-LU-ALK-10272,shopify,5,deny
alkaram-rts-shirt-trouser-dupatta-ec103-3p26-b-ferozi,Alkaram · Ladies Unstitched 3 piece,active,TRUE,KJC-LU-ALK-10273,shopify,5,deny
alkaram-rts-shirt-trouser-dupatta-ec103-3p26-a-rust,Alkaram · Ladies Unstitched 3 piece,active,TRUE,KJC-LU-ALK-10274,shopify,5,deny
alkaram-rts-shirt-trouser-dupatta-ec102-3p26-b-yellow,Alkaram · Ladies Unstitched 3 piece,active,TRUE,KJC-LU-ALK-10275,shopify,5,deny
alkaram-rts-shirt-trouser-dupatta-ec102-3p26-a-blue,Alkaram · Ladies Unstitched 3 piece,active,TRUE,KJC-LU-ALK-10276,shopify,5,deny
alkaram-rts-shirt-trouser-dupatta-ec101-3p26-red,Alkaram · Ladies Unstitched 3 piece,active,TRUE,KJC-LU-ALK-10277,shopify,5,deny
alkaram-rts-shirt-trouser-dupatta-ec100-3p26-rust,Alkaram · Ladies Unstitched 3 piece,active,TRUE,KJC-LU-ALK-10278,shopify,5,deny
alkaram-rts-shirt-trouser-dupatta-ec100-26-green,Alkaram · Ladies Unstitched Lawn 3 piece,active,TRUE,KJC-LU-ALK-10279,shopify,5,deny
alkaram-rts-shirt-trouser-dupatta-ec46-3p26-b-blue,Alkaram · Ladies Unstitched 3 piece,active,TRUE,KJC-LU-ALK-10280,shopify,5,deny
alkaram-rts-shirt-trouser-dupatta-ec46-3p26-a-pink,Alkaram · Ladies Unstitched 3 piece,active,TRUE,KJC-LU-ALK-10281,shopify,5,deny
alkaram-rts-shirt-trouser-dupatta-ef72-26-sea-green,Alkaram · Ladies Unstitched Lawn 3 piece,active,TRUE,KJC-LU-ALK-10282,shopify,5,deny
alkaram-rts-shirt-trouser-dupatta-ef72-26-beige,Alkaram · Ladies Unstitched Lawn 3 piece,active,TRUE,KJC-LU-ALK-10283,shopify,5,deny
alkaram-rts-shirt-trouser-dupatta-ef18-26-olive-green,Alkaram · Ladies Unstitched Lawn 3 piece,active,TRUE,KJC-LU-ALK-10284,shopify,5,deny
alkaram-rts-shirt-trouser-dupatta-ef18-26-sea-green,Alkaram · Ladies Unstitched Lawn 3 piece,active,TRUE,KJC-LU-ALK-10285,shopify,5,deny
alkaram-rts-shirt-trouser-dupatta-sl-25-26-yellow,Alkaram · Ladies Unstitched Formal 3 piece,active,TRUE,KJC-LU-ALK-10286,shopify,5,deny
alkaram-rts-shirt-trouser-dupatta-sl-23-26-peach,Alkaram · Ladies Unstitched Formal 3 piece,active,TRUE,KJC-LU-ALK-10287,shopify,5,deny
alkaram-rts-shirt-trouser-dupatta-sl-19-26-light-blue,Alkaram · Ladies Unstitched Formal 3 piece,active,TRUE,KJC-LU-ALK-10288,shopify,5,deny
alkaram-rts-shirt-trouser-dupatta-sl-15-26-peach,Alkaram · Ladies Unstitched Formal 3 piece,active,TRUE,KJC-LU-ALK-10289,shopify,5,deny
alkaram-rts-shirt-trouser-dupatta-sl-14-26-blue,Alkaram · Ladies Unstitched 3 piece,active,TRUE,KJC-LU-ALK-10290,shopify,5,deny
alkaram-rts-shirt-trouser-dupatta-sl-13-26-yellow,Alkaram · Ladies Unstitched Formal 3 piece,active,TRUE,KJC-LU-ALK-10291,shopify,5,deny
alkaram-rts-shirt-trouser-dupatta-sl-12-26-blue,Alkaram · Ladies Unstitched 3 piece,active,TRUE,KJC-LU-ALK-10292,shopify,5,deny
alkaram-rts-shirt-trouser-dupatta-sl-10-26-grey,Alkaram · Ladies Unstitched Formal 3 piece,active,TRUE,KJC-LU-ALK-10293,shopify,5,deny
alkaram-rts-shirt-trouser-dupatta-ss-60-1-25-3-pink,Alkaram · Ladies Unstitched Lawn 3 piece,active,TRUE,KJC-LU-ALK-10294,shopify,5,deny
alkaram-rts-shirt-trouser-dupatta-ss-59-1-25-3-blue,Alkaram · Ladies Unstitched Lawn 3 piece,active,TRUE,KJC-LU-ALK-10295,shopify,5,deny
alkaram-rts-shirt-trouser-dupatta-ss-58-1-25-3-green,Alkaram · Ladies Unstitched Lawn 3 piece,active,TRUE,KJC-LU-ALK-10296,shopify,5,deny
alkaram-rts-shirt-trouser-dupatta-ss-58-1-25-3-pink,Alkaram · Ladies Unstitched Lawn 3 piece,active,TRUE,KJC-LU-ALK-10297,shopify,5,deny
alkaram-rts-shirt-trouser-dupatta-sss60-3p26-red,Alkaram · Ladies Unstitched 3 piece,active,TRUE,KJC-LU-ALK-10298,shopify,5,deny
alkaram-rts-shirt-trouser-dupatta-ss-60-25-3-beige,Alkaram · Ladies Unstitched Lawn 3 piece,active,TRUE,KJC-LU-ALK-10299,shopify,5,deny
alkaram-rts-shirt-trouser-dupatta-ms185-3p26-b-maroon,Alkaram · Ladies Unstitched 3 piece,active,TRUE,KJC-LU-ALK-10300,shopify,5,deny
alkaram-rts-shirt-trouser-dupatta-ms185-3p26-purple,Alkaram · Ladies Unstitched 3 piece,active,TRUE,KJC-LU-ALK-10301,shopify,5,deny
alkaram-rts-shirt-trouser-dupatta-ms-177-26-off-white,Alkaram · Ladies Unstitched 3 piece,active,TRUE,KJC-LU-ALK-10302,shopify,5,deny
alkaram-rts-shirt-trouser-dupatta-ms-ms157-3p26-peach,Alkaram · Ladies Unstitched 3 piece,active,TRUE,KJC-LU-ALK-10303,shopify,5,deny
alkaram-rts-shirt-trouser-dupatta-ms154-3p36-black,Alkaram · Ladies Unstitched 3 piece,active,TRUE,KJC-LU-ALK-10304,shopify,5,deny
alkaram-rts-shirt-trouser-dupatta-ms153-3p26-brown,Alkaram · Ladies Unstitched 3 piece,active,TRUE,KJC-LU-ALK-10305,shopify,5,deny
alkaram-rts-shirt-trouser-dupatta-ms152-3p26-red,Alkaram · Ladies Unstitched 3 piece,active,TRUE,KJC-LU-ALK-10306,shopify,5,deny
alkaram-rts-shirt-trouser-dupatta-ms150-3p26-green,Alkaram · Ladies Unstitched 3 piece,active,TRUE,KJC-LU-ALK-10307,shopify,5,deny
alkaram-rts-shirt-trouser-dupatta-ms149-3p26-b-blue,Alkaram · Ladies Unstitched 3 piece,active,TRUE,KJC-LU-ALK-10308,shopify,5,deny
alkaram-rts-shirt-trouser-dupatta-ms149-3p26-a-pink,Alkaram · Ladies Unstitched 3 piece,active,TRUE,KJC-LU-ALK-10309,shopify,5,deny
alkaram-rts-shirt-trouser-dupatta-ms148-3p26-a-green,Alkaram · Ladies Unstitched 3 piece,active,TRUE,KJC-LU-ALK-10310,shopify,5,deny
alkaram-rts-shirt-trouser-dupatta-ms146-3p26-purple,Alkaram · Ladies Unstitched 3 piece,active,TRUE,KJC-LU-ALK-10311,shopify,5,deny
alkaram-rts-shirt-trouser-dupatta-ec98-26-teal,Alkaram · Ladies Unstitched Lawn 3 piece,active,TRUE,KJC-LU-ALK-10312,shopify,5,deny
alkaram-rts-shirt-trouser-dupatta-ec98-3p26-purple,Alkaram · Ladies Unstitched 3 piece,active,TRUE,KJC-LU-ALK-10313,shopify,5,deny
alkaram-rts-shirt-trouser-dupatta-ec97-26-purple,Alkaram · Ladies Unstitched Lawn 3 piece,active,TRUE,KJC-LU-ALK-10314,shopify,5,deny
alkaram-rts-shirt-trouser-dupatta-ec96-26-grey,Alkaram · Ladies Unstitched 3 piece,active,TRUE,KJC-LU-ALK-10315,shopify,5,deny
alkaram-rts-shirt-trouser-ec95-26-beige,Alkaram · Ladies Unstitched Lawn 2 piece,active,TRUE,KJC-LU-ALK-10316,shopify,5,deny
alkaram-rts-shirt-trouser-dupatta-ec94-26-yellow,Alkaram · Ladies Unstitched Lawn 3 piece,active,TRUE,KJC-LU-ALK-10317,shopify,5,deny
alkaram-rts-shirt-trouser-dupatta-ec93-26-brown,Alkaram · Ladies Unstitched Lawn 3 piece,active,TRUE,KJC-LU-ALK-10318,shopify,5,deny
alkaram-rts-shirt-trouser-dupatta-ec92-26-off-white,Alkaram · Ladies Unstitched Lawn 3 piece,active,TRUE,KJC-LU-ALK-10319,shopify,5,deny
alkaram-rts-shirt-trouser-dupatta-ec91-26-green,Alkaram · Ladies Unstitched Lawn 3 piece,active,TRUE,KJC-LU-ALK-10320,shopify,5,deny
alkaram-rts-shirt-trouser-dupatta-ec84-26-white,Alkaram · Ladies Unstitched Lawn 3 piece,active,TRUE,KJC-LU-ALK-10321,shopify,5,deny
alkaram-rts-shirt-trouser-dupatta-ec83-26-beige,Alkaram · Ladies Unstitched Lawn 3 piece,active,TRUE,KJC-LU-ALK-10322,shopify,5,deny
alkaram-rts-shirt-dupatta-ec106-26-blue,Alkaram · Ladies Unstitched Lawn 2 piece,active,TRUE,KJC-LU-ALK-10323,shopify,5,deny
alkaram-rts-shirt-trouser-ec105-26-brown,Alkaram · Ladies Unstitched Lawn 2 piece,active,TRUE,KJC-LU-ALK-10324,shopify,5,deny
alkaram-rts-shirt-trouser-ec104-26-rust,Alkaram · Ladies Unstitched Lawn 2 piece,active,TRUE,KJC-LU-ALK-10325,shopify,5,deny
alkaram-rts-shirt-dupatta-ec55-26-cream,Alkaram · Ladies Unstitched Lawn 2 piece,active,TRUE,KJC-LU-ALK-10326,shopify,5,deny
alkaram-rts-shirt-dupatta-ec54-26-grey,Alkaram · Ladies Unstitched Lawn 2 piece,active,TRUE,KJC-LU-ALK-10327,shopify,5,deny
alkaram-rts-shirt-dupatta-ec52-26-peach,Alkaram · Ladies Unstitched Lawn 2 piece,active,TRUE,KJC-LU-ALK-10328,shopify,5,deny
alkaram-rts-shirt-dupatta-ec51-26-yellow,Alkaram · Ladies Unstitched Lawn 2 piece,active,TRUE,KJC-LU-ALK-10329,shopify,5,deny
alkaram-rts-shirt-trouser-ec48-26-beige,Alkaram · Ladies Unstitched Lawn 2 piece,active,TRUE,KJC-LU-ALK-10330,shopify,5,deny
alkaram-rts-shirt-trouser-dupatta-ec41-26-yellow,Alkaram · Ladies Unstitched Lawn 3 piece,active,TRUE,KJC-LU-ALK-10331,shopify,5,deny
alkaram-rts-shirt-trouser-dupatta-ec40-3p26-pink,Alkaram · Ladies Unstitched 3 piece,active,TRUE,KJC-LU-ALK-10332,shopify,5,deny
alkaram-rts-shirt-trouser-dupatta-ec38-26-grey,Alkaram · Ladies Unstitched Lawn 3 piece,active,TRUE,KJC-LU-ALK-10333,shopify,5,deny
alkaram-rts-shirt-trouser-dupatta-ec37-3p26-green,Alkaram · Ladies Unstitched 3 piece,active,TRUE,KJC-LU-ALK-10334,shopify,5,deny
alkaram-rts-shirt-trouser-dupatta-ec35-26-blue,Alkaram · Ladies Unstitched Lawn 3 piece,active,TRUE,KJC-LU-ALK-10335,shopify,5,deny
alkaram-rts-shirt-trouser-dupatta-ec34-26-lilac,Alkaram · Ladies Unstitched Lawn 3 piece,active,TRUE,KJC-LU-ALK-10336,shopify,5,deny
alkaram-rts-shirt-trouser-dupatta-ec32-26-yellow,Alkaram · Ladies Unstitched Lawn 3 piece,active,TRUE,KJC-LU-ALK-10337,shopify,5,deny
alkaram-rts-shirt-trouser-dupatta-ec31-26-grey,Alkaram · Ladies Unstitched Lawn 3 piece,active,TRUE,KJC-LU-ALK-10338,shopify,5,deny
alkaram-rts-shirt-trouser-dupatta-ec30-26-purple,Alkaram · Ladies Unstitched 3 piece,active,TRUE,KJC-LU-ALK-10339,shopify,5,deny
alkaram-rts-shirt-trouser-dupatta-ec29-26-green,Alkaram · Ladies Unstitched Lawn 3 piece,active,TRUE,KJC-LU-ALK-10340,shopify,5,deny
alkaram-rts-shirt-trouser-dupatta-ec27-26-blue,Alkaram · Ladies Unstitched Lawn 3 piece,active,TRUE,KJC-LU-ALK-10341,shopify,5,deny
alkaram-rts-shirt-trouser-ef80-26-yellow,Alkaram · Ladies Unstitched Lawn 2 piece,active,TRUE,KJC-LU-ALK-10342,shopify,5,deny
alkaram-rts-shirt-trouser-ef77-26-brown,Alkaram · Ladies Unstitched Lawn 2 piece,active,TRUE,KJC-LU-ALK-10343,shopify,5,deny
alkaram-rts-shirt-trouser-dupatta-ef66-26-teal,Alkaram · Ladies Unstitched Lawn 3 piece,active,TRUE,KJC-LU-ALK-10344,shopify,5,deny
alkaram-rts-shirt-trouser-dupatta-ef65-26-light-blue,Alkaram · Ladies Unstitched Lawn 3 piece,active,TRUE,KJC-LU-ALK-10345,shopify,5,deny
alkaram-rts-shirt-trouser-dupatta-ef63-26-sky-blue,Alkaram · Ladies Unstitched Lawn 3 piece,active,TRUE,KJC-LU-ALK-10346,shopify,5,deny
alkaram-rts-shirt-trouser-dupatta-ef62-26-coral,Alkaram · Ladies Unstitched Lawn 3 piece,active,TRUE,KJC-LU-ALK-10347,shopify,5,deny
alkaram-rts-shirt-trouser-dupatta-ef60-26-cream,Alkaram · Ladies Unstitched Lawn 3 piece,active,TRUE,KJC-LU-ALK-10348,shopify,5,deny
alkaram-rts-shirt-trouser-ef25-26-light-green,Alkaram · Ladies Unstitched Lawn 2 piece,active,TRUE,KJC-LU-ALK-10349,shopify,5,deny
alkaram-rts-shirt-trouser-ef23-3p26-mahroon,Alkaram · Ladies Unstitched 2 piece,active,TRUE,KJC-LU-ALK-10350,shopify,5,deny
alkaram-rts-shirt-trouser-dupatta-ef09-26-beige,Alkaram · Ladies Unstitched Lawn 3 piece,active,TRUE,KJC-LU-ALK-10351,shopify,5,deny
alkaram-rts-shirt-trouser-dupatta-ef07-26-beige,Alkaram · Ladies Unstitched Lawn 3 piece,active,TRUE,KJC-LU-ALK-10352,shopify,5,deny
alkaram-rts-shirt-trouser-dupatta-ef06-26-light-green,Alkaram · Ladies Unstitched Lawn 3 piece,active,TRUE,KJC-LU-ALK-10353,shopify,5,deny
alkaram-rts-shirt-trouser-dupatta-ef05-26-sea-green,Alkaram · Ladies Unstitched 3 piece,active,TRUE,KJC-LU-ALK-10354,shopify,5,deny
alkaram-rts-shirt-trouser-dupatta-ef04-26-green,Alkaram · Ladies Unstitched 3 piece,active,TRUE,KJC-LU-ALK-10355,shopify,5,deny
alkaram-rts-shirt-trouser-dupatta-ef10-26-cream,Alkaram · Ladies Unstitched Lawn 3 piece,active,TRUE,KJC-LU-ALK-10356,shopify,5,deny
alkaram-rts-shirt-trouser-dupatta-ec47-3p26-b-pink,Alkaram · Ladies Unstitched 3 piece,active,TRUE,KJC-LU-ALK-10357,shopify,5,deny
alkaram-rts-shirt-trouser-dupatta-ec45-3p26-b-red,Alkaram · Ladies Unstitched 3 piece,active,TRUE,KJC-LU-ALK-10358,shopify,5,deny
alkaram-rts-shirt-trouser-dupatta-ec45-3p26-a-blue,Alkaram · Ladies Unstitched 3 piece,active,TRUE,KJC-LU-ALK-10359,shopify,5,deny
alkaram-rts-shirt-trouser-dupatta-ec44-3p26-b-light-blue,Alkaram · Ladies Unstitched 3 piece,active,TRUE,KJC-LU-ALK-10360,shopify,5,deny
alkaram-rts-shirt-trouser-dupatta-ec44-3p26-a-green,Alkaram · Ladies Unstitched 3 piece,active,TRUE,KJC-LU-ALK-10361,shopify,5,deny
alkaram-rts-shirt-trouser-dupatta-ef75-3p26-purple,Alkaram · Ladies Unstitched 3 piece,active,TRUE,KJC-LU-ALK-10362,shopify,5,deny
alkaram-rts-shirt-trouser-dupatta-ef75-26-beige,Alkaram · Ladies Unstitched Lawn 3 piece,active,TRUE,KJC-LU-ALK-10363,shopify,5,deny
alkaram-rts-shirt-trouser-dupatta-ef71-3p26-b-off-white,Alkaram · Ladies Unstitched 3 piece,active,TRUE,KJC-LU-ALK-10364,shopify,5,deny
alkaram-rts-shirt-trouser-dupatta-ef71-3p26-a-purple,Alkaram · Ladies Unstitched 3 piece,active,TRUE,KJC-LU-ALK-10365,shopify,5,deny
alkaram-rts-shirt-trouser-dupatta-ef68-26-beige,Alkaram · Ladies Unstitched Lawn 3 piece,active,TRUE,KJC-LU-ALK-10366,shopify,5,deny
alkaram-rts-shirt-trouser-ef24-26-lilac,Alkaram · Ladies Unstitched Lawn 2 piece,active,TRUE,KJC-LU-ALK-10367,shopify,5,deny
alkaram-rts-shirt-trouser-dupatta-ef20-26-green,Alkaram · Ladies Unstitched Lawn 3 piece,active,TRUE,KJC-LU-ALK-10368,shopify,5,deny
alkaram-rts-shirt-trouser-dupatta-ef15-3p26-b-sea-blue,Alkaram · Ladies Unstitched 3 piece,active,TRUE,KJC-LU-ALK-10369,shopify,5,deny
alkaram-rts-shirt-trouser-dupatta-ef15-3p26-a-off-white,Alkaram · Ladies Unstitched 3 piece,active,TRUE,KJC-LU-ALK-10370,shopify,5,deny
alkaram-rts-shirt-trouser-dupatta-ef14-26-grey,Alkaram · Ladies Unstitched Lawn 3 piece,active,TRUE,KJC-LU-ALK-10371,shopify,5,deny
alkaram-rts-shirt-trouser-dupatta-ef14-26-beige,Alkaram · Ladies Unstitched Lawn 3 piece,active,TRUE,KJC-LU-ALK-10372,shopify,5,deny
alkaram-rts-shirt-trouser-dupatta-ef13-26-teal,Alkaram · Ladies Unstitched Lawn 3 piece,active,TRUE,KJC-LU-ALK-10373,shopify,5,deny
alkaram-rts-shirt-trouser-dupatta-ef13-26-light-blue,Alkaram · Ladies Unstitched Lawn 3 piece,active,TRUE,KJC-LU-ALK-10374,shopify,5,deny
alkaram-rts-shirt-trouser-dupatta-ef12-26-grey,Alkaram · Ladies Unstitched Lawn 3 piece,active,TRUE,KJC-LU-ALK-10375,shopify,5,deny
alkaram-rts-shirt-trouser-dupatta-ef12-26-green,Alkaram · Ladies Unstitched Lawn 3 piece,active,TRUE,KJC-LU-ALK-10376,shopify,5,deny
alkaram-rts-shirt-trouser-dupatta-efl-100-3p25-mint,Alkaram · Ladies Unstitched 3 piece,active,TRUE,KJC-LU-ALK-10377,shopify,5,deny
alkaram-rts-shirt-trouser-dupatta-efl-100-3p25-sky,Alkaram · Ladies Unstitched 3 piece,active,TRUE,KJC-LU-ALK-10378,shopify,5,deny
alkaram-rts-shirt-trouser-dupatta-efl-98-3p25-yellow,Alkaram · Ladies Unstitched 3 piece,active,TRUE,KJC-LU-ALK-10379,shopify,5,deny
alkaram-rts-shirt-trouser-dupatta-efl-97-3p25-off-white,Alkaram · Ladies Unstitched 3 piece,active,TRUE,KJC-LU-ALK-10380,shopify,5,deny
alkaram-rts-shirt-trouser-dupatta-efl-97-3p25-brown,Alkaram · Ladies Unstitched 3 piece,active,TRUE,KJC-LU-ALK-10381,shopify,5,deny
alkaram-rts-shirt-trouser-dupatta-es-94-3p25-off-white,Alkaram · Ladies Unstitched 3 piece,active,TRUE,KJC-LU-ALK-10382,shopify,5,deny
alkaram-rts-shirt-trouser-dupatta-efl-88-3p25-light-opink,Alkaram · Ladies Unstitched 3 piece,active,TRUE,KJC-LU-ALK-10383,shopify,5,deny
alkaram-rts-shirt-trouser-dupatta-efl-88-3p25-peach,Alkaram · Ladies Unstitched 3 piece,active,TRUE,KJC-LU-ALK-10384,shopify,5,deny
alkaram-rts-shirt-trouser-dupatta-efl-83-3p25-coral,Alkaram · Ladies Unstitched 3 piece,active,TRUE,KJC-LU-ALK-10385,shopify,5,deny
alkaram-rts-shirt-trouser-dupatta-efl-83-3p25-blue,Alkaram · Ladies Unstitched 3 piece,active,TRUE,KJC-LU-ALK-10386,shopify,5,deny
alkaram-rts-shirt-trouser-dupatta-efl-82-3p25-dark-blue,Alkaram · Ladies Unstitched 3 piece,active,TRUE,KJC-LU-ALK-10387,shopify,5,deny
alkaram-rts-shirt-trouser-dupatta-efl-82-3p25-sage-green,Alkaram · Ladies Unstitched 3 piece,active,TRUE,KJC-LU-ALK-10388,shopify,5,deny
alkaram-rts-shirt-trouser-dupatta-efl-81-3p25-brown,Alkaram · Ladies Unstitched 3 piece,active,TRUE,KJC-LU-ALK-10389,shopify,5,deny
alkaram-rts-shirt-trouser-dupatta-efl-81-3p25-sky-blue,Alkaram · Ladies Unstitched 3 piece,active,TRUE,KJC-LU-ALK-10390,shopify,5,deny
alkaram-rts-shirt-trouser-dupatta-efl-80-3p25-peach,Alkaram · Ladies Unstitched 3 piece,active,TRUE,KJC-LU-ALK-10391,shopify,5,deny
alkaram-rts-shirt-trouser-dupatta-efl-78-3p25-red,Alkaram · Ladies Unstitched 3 piece,active,TRUE,KJC-LU-ALK-10392,shopify,5,deny
alkaram-rts-shirt-trouser-dupatta-efl-78-3p25-blue,Alkaram · Ladies Unstitched 3 piece,active,TRUE,KJC-LU-ALK-10393,shopify,5,deny
alkaram-rts-shirt-trouser-dupatta-efl-77-3p25-red,Alkaram · Ladies Unstitched 3 piece,active,TRUE,KJC-LU-ALK-10394,shopify,5,deny
alkaram-rts-shirt-trouser-dupatta-efl-76-3p25-yellow,Alkaram · Ladies Unstitched 3 piece,active,TRUE,KJC-LU-ALK-10395,shopify,5,deny
alkaram-rts-shirt-trouser-dupatta-es-75-3p25-light-green,Alkaram · Ladies Unstitched 3 piece,active,TRUE,KJC-LU-ALK-10396,shopify,5,deny
alkaram-rts-shirt-trouser-dupatta-efl-74-3p25-beige,Alkaram · Ladies Unstitched 3 piece,active,TRUE,KJC-LU-ALK-10397,shopify,5,deny
alkaram-rts-shirt-trouser-dupatta-efl-73-3p25-blue,Alkaram · Ladies Unstitched 3 piece,active,TRUE,KJC-LU-ALK-10398,shopify,5,deny
alkaram-rts-shirt-trouser-dupatta-efl-73-3p25-purple,Alkaram · Ladies Unstitched 3 piece,active,TRUE,KJC-LU-ALK-10399,shopify,5,deny
alkaram-rts-shirt-trouser-dupatta-efl-72-3p25-sage-green,Alkaram · Ladies Unstitched 3 piece,active,TRUE,KJC-LU-ALK-10400,shopify,5,deny
alkaram-rts-shirt-trouser-dupatta-efl-71-3p25-green,Alkaram · Ladies Unstitched 3 piece,active,TRUE,KJC-LU-ALK-10401,shopify,5,deny
alkaram-rts-shirt-trouser-dupatta-efl-71-3p25-brown,Alkaram · Ladies Unstitched 3 piece,active,TRUE,KJC-LU-ALK-10402,shopify,5,deny
alkaram-rts-shirt-trouser-dupatta-efl-70-3p25-blue,Alkaram · Ladies Unstitched 3 piece,active,TRUE,KJC-LU-ALK-10403,shopify,5,deny
alkaram-rts-shirt-trouser-dupatta-efl-70-3p25-maroon,Alkaram · Ladies Unstitched 3 piece,active,TRUE,KJC-LU-ALK-10404,shopify,5,deny
alkaram-rts-shirt-trouser-dupatta-efl-69-3p25-blue,Alkaram · Ladies Unstitched 3 piece,active,TRUE,KJC-LU-ALK-10405,shopify,5,deny
alkaram-rts-shirt-trouser-dupatta-efl-69-3p25-green,Alkaram · Ladies Unstitched 3 piece,active,TRUE,KJC-LU-ALK-10406,shopify,5,deny
alkaram-rts-shirt-trouser-dupatta-efl-68-3p25-blue,Alkaram · Ladies Unstitched 3 piece,active,TRUE,KJC-LU-ALK-10407,shopify,5,deny
alkaram-rts-shirt-trouser-dupatta-es-68-3p25-cream,Alkaram · Ladies Unstitched 3 piece,active,TRUE,KJC-LU-ALK-10408,shopify,5,deny
alkaram-rts-shirt-trouser-dupatta-efl-66-3p25-grey,Alkaram · Ladies Unstitched 3 piece,active,TRUE,KJC-LU-ALK-10409,shopify,5,deny
alkaram-rts-shirt-trouser-dupatta-efl-66-3p25-pink,Alkaram · Ladies Unstitched 3 piece,active,TRUE,KJC-LU-ALK-10410,shopify,5,deny
alkaram-rts-shirt-trouser-dupatta-efl-64-3p25-grey,Alkaram · Ladies Unstitched 3 piece,active,TRUE,KJC-LU-ALK-10411,shopify,5,deny
alkaram-rts-shirt-trouser-dupatta-efl-63-3p25-black,Alkaram · Ladies Unstitched 3 piece,active,TRUE,KJC-LU-ALK-10412,shopify,5,deny
alkaram-rts-shirt-trouser-dupatta-efl-62-3p25-coral,Alkaram · Ladies Unstitched 3 piece,active,TRUE,KJC-LU-ALK-10413,shopify,5,deny
alkaram-rts-shirt-trouser-dupatta-efl-59-3p25-cream,Alkaram · Ladies Unstitched 3 piece,active,TRUE,KJC-LU-ALK-10414,shopify,5,deny
alkaram-rts-shirt-trouser-dupatta-efl-59-3p25-beige,Alkaram · Ladies Unstitched 3 piece,active,TRUE,KJC-LU-ALK-10415,shopify,5,deny
alkaram-rts-shirt-trouser-dupatta-efl-58-3p25-pink,Alkaram · Ladies Unstitched 3 piece,active,TRUE,KJC-LU-ALK-10416,shopify,5,deny
alkaram-rts-shirt-trouser-dupatta-efl-58-3p25-grey,Alkaram · Ladies Unstitched 3 piece,active,TRUE,KJC-LU-ALK-10417,shopify,5,deny
alkaram-rts-shirt-trouser-dupatta-efl-57-3p25-grey,Alkaram · Ladies Unstitched 3 piece,active,TRUE,KJC-LU-ALK-10418,shopify,5,deny
alkaram-rts-shirt-trouser-dupatta-efl-56-3p25-blue,Alkaram · Ladies Unstitched 3 piece,active,TRUE,KJC-LU-ALK-10419,shopify,5,deny
alkaram-rts-shirt-trouser-dupatta-efl-56-3p25-light-blue,Alkaram · Ladies Unstitched 3 piece,active,TRUE,KJC-LU-ALK-10420,shopify,5,deny
alkaram-rts-shirt-trouser-dupatta-efl-53-3p25-blue,Alkaram · Ladies Unstitched 3 piece,active,TRUE,KJC-LU-ALK-10421,shopify,5,deny
alkaram-rts-shirt-trouser-dupatta-efl-53-3p25-sage-green,Alkaram · Ladies Unstitched 3 piece,active,TRUE,KJC-LU-ALK-10422,shopify,5,deny
alkaram-rts-shirt-trouser-dupatta-efl-51-3p25-light-purple,Alkaram · Ladies Unstitched 3 piece,active,TRUE,KJC-LU-ALK-10423,shopify,5,deny
alkaram-rts-shirt-trouser-dupatta-efl-48-3p25-red,Alkaram · Ladies Unstitched 3 piece,active,TRUE,KJC-LU-ALK-10424,shopify,5,deny
alkaram-rts-shirt-trouser-dupatta-efl-48-3p25-green,Alkaram · Ladies Unstitched 3 piece,active,TRUE,KJC-LU-ALK-10425,shopify,5,deny
alkaram-rts-shirt-trouser-dupatta-efl-47-3p25-green,Alkaram · Ladies Unstitched 3 piece,active,TRUE,KJC-LU-ALK-10426,shopify,5,deny
alkaram-rts-shirt-trouser-dupatta-efl-46-3p25-cream,Alkaram · Ladies Unstitched 3 piece,active,TRUE,KJC-LU-ALK-10427,shopify,5,deny
alkaram-rts-shirt-trouser-dupatta-efl-44-3p25-brown,Alkaram · Ladies Unstitched 3 piece,active,TRUE,KJC-LU-ALK-10428,shopify,5,deny
alkaram-rts-shirt-trouser-dupatta-efl-44-3p25-light-pink,Alkaram · Ladies Unstitched 3 piece,active,TRUE,KJC-LU-ALK-10429,shopify,5,deny
alkaram-rts-shirt-trouser-dupatta-efl-43-3p25-black,Alkaram · Ladies Unstitched 3 piece,active,TRUE,KJC-LU-ALK-10430,shopify,5,deny
alkaram-rts-shirt-trouser-dupatta-es-43-3p25-white,Alkaram · Ladies Unstitched 3 piece,active,TRUE,KJC-LU-ALK-10431,shopify,5,deny
alkaram-rts-shirt-trouser-dupatta-efl-42-3p25-peach,Alkaram · Ladies Unstitched 3 piece,active,TRUE,KJC-LU-ALK-10432,shopify,5,deny
alkaram-rts-shirt-trouser-dupatta-efl-40-3p25-black,Alkaram · Ladies Unstitched 3 piece,active,TRUE,KJC-LU-ALK-10433,shopify,5,deny
alkaram-rts-shirt-trouser-dupatta-efl-38-3p25-blue,Alkaram · Ladies Unstitched 3 piece,active,TRUE,KJC-LU-ALK-10434,shopify,5,deny
alkaram-rts-shirt-trouser-dupatta-efl-38-3p25-mint-green,Alkaram · Ladies Unstitched 3 piece,active,TRUE,KJC-LU-ALK-10435,shopify,5,deny
alkaram-rts-shirt-trouser-dupatta-efl-36-3p25-light-pink,Alkaram · Ladies Unstitched 3 piece,active,TRUE,KJC-LU-ALK-10436,shopify,5,deny
alkaram-rts-shirt-trouser-dupatta-efl-36-3p25-mint-green,Alkaram · Ladies Unstitched 3 piece,active,TRUE,KJC-LU-ALK-10437,shopify,5,deny
alkaram-rts-shirt-trouser-dupatta-efl-34-3p25-purple,Alkaram · Ladies Unstitched 3 piece,active,TRUE,KJC-LU-ALK-10438,shopify,5,deny
alkaram-rts-shirt-trouser-dupatta-efl-34-3p25-blue,Alkaram · Ladies Unstitched 3 piece,active,TRUE,KJC-LU-ALK-10439,shopify,5,deny
alkaram-rts-shirt-trouser-dupatta-efl-32-3p25-yellow,Alkaram · Ladies Unstitched 3 piece,active,TRUE,KJC-LU-ALK-10440,shopify,5,deny
alkaram-rts-shirt-trouser-dupatta-efl-32-3p25-black,Alkaram · Ladies Unstitched 3 piece,active,TRUE,KJC-LU-ALK-10441,shopify,5,deny
alkaram-rts-shirt-trouser-dupatta-efl-30-3p25-blue,Alkaram · Ladies Unstitched 3 piece,active,TRUE,KJC-LU-ALK-10442,shopify,5,deny
alkaram-rts-shirt-trouser-dupatta-efl-29-3p25-peach,Alkaram · Ladies Unstitched 3 piece,active,TRUE,KJC-LU-ALK-10443,shopify,5,deny
alkaram-rts-shirt-trouser-dupatta-efl-28-3p25-off-white,Alkaram · Ladies Unstitched 3 piece,active,TRUE,KJC-LU-ALK-10444,shopify,5,deny
alkaram-rts-shirt-trouser-dupatta-efl-28-3p25-cream,Alkaram · Ladies Unstitched 3 piece,active,TRUE,KJC-LU-ALK-10445,shopify,5,deny
alkaram-rts-shirt-trouser-dupatta-efl-25-3p25-off-white,Alkaram · Ladies Unstitched 3 piece,active,TRUE,KJC-LU-ALK-10446,shopify,5,deny
alkaram-rts-shirt-trouser-dupatta-efl-24-3p25-peach,Alkaram · Ladies Unstitched 3 piece,active,TRUE,KJC-LU-ALK-10447,shopify,5,deny
alkaram-rts-shirt-trouser-dupatta-efl-24-3p25-off-white,Alkaram · Ladies Unstitched 3 piece,active,TRUE,KJC-LU-ALK-10448,shopify,5,deny
alkaram-rts-shirt-trouser-dupatta-efl-22-3p25-blue,Alkaram · Ladies Unstitched 3 piece,active,TRUE,KJC-LU-ALK-10449,shopify,5,deny
alkaram-rts-shirt-trouser-dupatta-efl-20-3p25-blue,Alkaram · Ladies Unstitched 3 piece,active,TRUE,KJC-LU-ALK-10450,shopify,5,deny
alkaram-rts-shirt-trouser-dupatta-efl-20-3p25-rust,Alkaram · Ladies Unstitched 3 piece,active,TRUE,KJC-LU-ALK-10451,shopify,5,deny
alkaram-rts-shirt-trouser-dupatta-efl-18-3p25-mint-green,Alkaram · Ladies Unstitched 3 piece,active,TRUE,KJC-LU-ALK-10452,shopify,5,deny
alkaram-rts-shirt-trouser-dupatta-efl-18-3p25-pink,Alkaram · Ladies Unstitched 3 piece,active,TRUE,KJC-LU-ALK-10453,shopify,5,deny
alkaram-rts-shirt-trouser-dupatta-efl-17-3p25-off-white,Alkaram · Ladies Unstitched 3 piece,active,TRUE,KJC-LU-ALK-10454,shopify,5,deny
alkaram-rts-shirt-trouser-dupatta-efl-16-3p25-turquoise,Alkaram · Ladies Unstitched 3 piece,active,TRUE,KJC-LU-ALK-10455,shopify,5,deny
alkaram-rts-shirt-trouser-dupatta-efl-15-3p25-off-white,Alkaram · Ladies Unstitched 3 piece,active,TRUE,KJC-LU-ALK-10456,shopify,5,deny
alkaram-rts-shirt-trouser-dupatta-efl-14-3p25-green,Alkaram · Ladies Unstitched 3 piece,active,TRUE,KJC-LU-ALK-10457,shopify,5,deny
alkaram-rts-shirt-trouser-dupatta-efl-14-3p25-maroon,Alkaram · Ladies Unstitched 3 piece,active,TRUE,KJC-LU-ALK-10458,shopify,5,deny
alkaram-rts-shirt-trouser-dupatta-efl-13-3p25-brown,Alkaram · Ladies Unstitched 3 piece,active,TRUE,KJC-LU-ALK-10459,shopify,5,deny
alkaram-rts-shirt-trouser-dupatta-efl-13-3p25-off-white,Alkaram · Ladies Unstitched 3 piece,active,TRUE,KJC-LU-ALK-10460,shopify,5,deny
alkaram-rts-shirt-trouser-dupatta-efl-11-3p25-peach,Alkaram · Ladies Unstitched 3 piece,active,TRUE,KJC-LU-ALK-10461,shopify,5,deny
alkaram-rts-shirt-trouser-dupatta-efl-09-3p25-blue,Alkaram · Ladies Unstitched 3 piece,active,TRUE,KJC-LU-ALK-10462,shopify,5,deny
alkaram-rts-shirt-trouser-dupatta-efl-07-3p25-green,Alkaram · Ladies Unstitched 3 piece,active,TRUE,KJC-LU-ALK-10463,shopify,5,deny
alkaram-rts-shirt-trouser-dupatta-efl-07-3p25-beige,Alkaram · Ladies Unstitched 3 piece,active,TRUE,KJC-LU-ALK-10464,shopify,5,deny
alkaram-rts-shirt-trouser-dupatta-efl-06-3p25-peach,Alkaram · Ladies Unstitched 3 piece,active,TRUE,KJC-LU-ALK-10465,shopify,5,deny
alkaram-rts-shirt-trouser-dupatta-es-04-3p25-sea-green,Alkaram · Ladies Unstitched 3 piece,active,TRUE,KJC-LU-ALK-10466,shopify,5,deny
alkaram-rts-shirt-trouser-dupatta-efl-03-3p25-sage-green,Alkaram · Ladies Unstitched 3 piece,active,TRUE,KJC-LU-ALK-10467,shopify,5,deny
alkaram-rts-shirt-trouser-dupatta-efl-03-3p25-light-purple,Alkaram · Ladies Unstitched 3 piece,active,TRUE,KJC-LU-ALK-10468,shopify,5,deny
alkaram-rts-shirt-trouser-dupatta-efl-02-3p25-green,Alkaram · Ladies Unstitched 3 piece,active,TRUE,KJC-LU-ALK-10469,shopify,5,deny
alkaram-rts-shirt-dupatta-br38-2p26-turquoise,Alkaram · Ladies Unstitched Casual Lawn 2 piece,active,TRUE,KJC-LU-ALK-10470,shopify,5,deny
alkaram-rts-shirt-dupatta-br37-2p26-teal-green,Alkaram · Ladies Unstitched Casual Lawn 2 piece,active,TRUE,KJC-LU-ALK-10471,shopify,5,deny
alkaram-rts-shirt-dupatta-br36-2p26-pale-yellow,Alkaram · Ladies Unstitched Casual Lawn 2 piece,active,TRUE,KJC-LU-ALK-10472,shopify,5,deny
alkaram-rts-shirt-dupatta-br34-2p26-navy-blue,Alkaram · Ladies Unstitched Casual Lawn 2 piece,active,TRUE,KJC-LU-ALK-10473,shopify,5,deny
alkaram-rts-shirt-dupatta-br32-2p26-sage-green,Alkaram · Ladies Unstitched Casual Lawn 2 piece,active,TRUE,KJC-LU-ALK-10474,shopify,5,deny
alkaram-rts-shirt-dupatta-br31-2p26-light-pink,Alkaram · Ladies Unstitched Casual Lawn 2 piece,active,TRUE,KJC-LU-ALK-10475,shopify,5,deny
alkaram-rts-shirt-dupatta-br30-2p26-coral-peech,Alkaram · Ladies Unstitched Casual Lawn 2 piece,active,TRUE,KJC-LU-ALK-10476,shopify,5,deny
alkaram-rts-shirt-dupatta-br29-2p26-light-green,Alkaram · Ladies Unstitched Casual Lawn 2 piece,active,TRUE,KJC-LU-ALK-10477,shopify,5,deny
alkaram-rts-shirt-dupatta-bd42-2p26-white,Alkaram · Ladies Unstitched Casual Lawn 2 piece,active,TRUE,KJC-LU-ALK-10478,shopify,5,deny
alkaram-rts-shirt-dupatta-bd41-2p26-beige,Alkaram · Ladies Unstitched Casual Lawn 2 piece,active,TRUE,KJC-LU-ALK-10479,shopify,5,deny
alkaram-rts-shirt-dupatta-bd40-2p26-beige,Alkaram · Ladies Unstitched Casual Lawn 2 piece,active,TRUE,KJC-LU-ALK-10480,shopify,5,deny
alkaram-rts-shirt-dupatta-bd39-2p26-light-blue,Alkaram · Ladies Unstitched Casual Lawn 2 piece,active,TRUE,KJC-LU-ALK-10481,shopify,5,deny
alkaram-rts-shirt-trouser-br53-2p26-grey,Alkaram · Ladies Unstitched Casual Lawn 2 piece,active,TRUE,KJC-LU-ALK-10482,shopify,5,deny
alkaram-rts-shirt-trouser-br48-2p26-lime-yellow,Alkaram · Ladies Unstitched Casual Lawn 2 piece,active,TRUE,KJC-LU-ALK-10483,shopify,5,deny
alkaram-rts-shirt-trouser-bd58-2p26-baige,Alkaram · Ladies Unstitched Casual Lawn 2 piece,active,TRUE,KJC-LU-ALK-10484,shopify,5,deny
alkaram-rts-shirt-trouser-bd55-2p26-beige,Alkaram · Ladies Unstitched Casual Lawn 2 piece,active,TRUE,KJC-LU-ALK-10485,shopify,5,deny
alkaram-rts-shirt-trouser-bd54-2p26-light-grey,Alkaram · Ladies Unstitched Casual Lawn 2 piece,active,TRUE,KJC-LU-ALK-10486,shopify,5,deny
alkaram-rts-shirt-br20-26-light-green,Alkaram · Ladies Unstitched Casual Lawn 1 piece,active,TRUE,KJC-LU-ALK-10487,shopify,5,deny
alkaram-rts-shirt-br17-26-black,Alkaram · Ladies Unstitched Casual Lawn 1 piece,active,TRUE,KJC-LU-ALK-10488,shopify,5,deny
alkaram-rts-shirt-br15-26-grey,Alkaram · Ladies Unstitched Casual Lawn 1 piece,active,TRUE,KJC-LU-ALK-10489,shopify,5,deny
alkaram-rts-shirt-br14-26-coral,Alkaram · Ladies Unstitched Casual Lawn 1 piece,active,TRUE,KJC-LU-ALK-10490,shopify,5,deny
alkaram-rts-shirt-br11-26-light-coral,Alkaram · Ladies Unstitched Casual Lawn 1 piece,active,TRUE,KJC-LU-ALK-10491,shopify,5,deny
alkaram-rts-shirt-br09-26-yellow,Alkaram · Ladies Unstitched Casual Lawn 1 piece,active,TRUE,KJC-LU-ALK-10492,shopify,5,deny
alkaram-rts-shirt-br06-26-beige,Alkaram · Ladies Unstitched Casual Lawn 1 piece,active,TRUE,KJC-LU-ALK-10493,shopify,5,deny
alkaram-rts-shirt-br03-26-pink,Alkaram · Ladies Unstitched Casual Lawn 1 piece,active,TRUE,KJC-LU-ALK-10494,shopify,5,deny
alkaram-rts-shirt-br02-26-dusty-coral,Alkaram · Ladies Unstitched Casual Lawn 1 piece,active,TRUE,KJC-LU-ALK-10495,shopify,5,deny
alkaram-rts-shirt-bd28-26-turquoize,Alkaram · Ladies Unstitched Casual Lawn 1 piece,active,TRUE,KJC-LU-ALK-10496,shopify,5,deny
alkaram-rts-shirt-bd26-26-beige,Alkaram · Ladies Unstitched Casual Lawn 1 piece,active,TRUE,KJC-LU-ALK-10497,shopify,5,deny
alkaram-rts-shirt-bd25-26-light-green,Alkaram · Ladies Unstitched Casual Lawn 1 piece,active,TRUE,KJC-LU-ALK-10498,shopify,5,deny
alkaram-rts-shirt-bd24-26-purple,Alkaram · Ladies Unstitched Casual Lawn 1 piece,active,TRUE,KJC-LU-ALK-10499,shopify,5,deny
alkaram-rts-shirt-bd23-26-purple,Alkaram · Ladies Unstitched Casual Lawn 1 piece,active,TRUE,KJC-LU-ALK-10500,shopify,5,deny
alkaram-rts-shirt-bd22-26-yellow,Alkaram · Ladies Unstitched Casual Lawn 1 piece,active,TRUE,KJC-LU-ALK-10501,shopify,5,deny
alkaram-rts-shirt-bd21-26-off-white,Alkaram · Ladies Unstitched Casual Lawn 1 piece,active,TRUE,KJC-LU-ALK-10502,shopify,5,deny
alkaram-rts-shirt-dupatta-slr-164-25-7-green,Alkaram · Ladies Unstitched Casual Cambric 2 piece,active,TRUE,KJC-LU-ALK-10503,shopify,5,deny
alkaram-rts-shirt-slr-120-25-7-blue,Alkaram · Ladies Unstitched Casual Cambric 1 piece,active,TRUE,KJC-LU-ALK-10504,shopify,5,deny
alkaram-rts-shirt-trouser-dupatta-lw-16-25-red,Alkaram · Ladies Unstitched Formal 3 piece,active,TRUE,KJC-LU-ALK-10505,shopify,5,deny
alkaram-rts-shirt-trouser-dupatta-lw-15-25-sage-green,Alkaram · Ladies Unstitched Formal 3 piece,active,TRUE,KJC-LU-ALK-10506,shopify,5,deny
alkaram-rts-shirt-trouser-dupatta-lw-14-25-butter-yellow,Alkaram · Ladies Unstitched Formal 3 piece,active,TRUE,KJC-LU-ALK-10507,shopify,5,deny
alkaram-rts-shirt-trouser-dupatta-lw-13-25-rouge-pink,Alkaram · Ladies Unstitched Formal 3 piece,active,TRUE,KJC-LU-ALK-10508,shopify,5,deny
alkaram-rts-shirt-trouser-dupatta-lw-11-25-peach,Alkaram · Ladies Unstitched Formal 3 piece,active,TRUE,KJC-LU-ALK-10509,shopify,5,deny
alkaram-rts-shirt-trouser-dupatta-lw-10-25-navy-blue,Alkaram · Ladies Unstitched Formal 3 piece,active,TRUE,KJC-LU-ALK-10510,shopify,5,deny
alkaram-rts-shirt-trouser-dupatta-lw-07-25-off-white,Alkaram · Ladies Unstitched Formal 3 piece,active,TRUE,KJC-LU-ALK-10511,shopify,5,deny
alkaram-rts-shirt-trouser-dupatta-lw-05-25-ice-blue,Alkaram · Ladies Unstitched Formal 3 piece,active,TRUE,KJC-LU-ALK-10512,shopify,5,deny
alkaram-rts-shirt-trouser-dupatta-lw-04-25-maroon,Alkaram · Ladies Unstitched Formal 3 piece,active,TRUE,KJC-LU-ALK-10513,shopify,5,deny
alkaram-rts-shirt-trouser-dupatta-lw-03-25-black,Alkaram · Ladies Unstitched Formal 3 piece,active,TRUE,KJC-LU-ALK-10514,shopify,5,deny
alkaram-rts-shirt-trouser-dupatta-v-6-25-olive,Alkaram · Ladies Unstitched Formal Velvet 3 piece,active,TRUE,KJC-LU-ALK-10515,shopify,5,deny
alkaram-rts-shirt-trouser-dupatta-v-4-25-black,Alkaram · Ladies Unstitched Formal Velvet 3 piece,active,TRUE,KJC-LU-ALK-10516,shopify,5,deny
alkaram-rts-shirt-trouser-dupatta-v-3-25-grey,Alkaram · Ladies Unstitched Velvet 3 piece,active,TRUE,KJC-LU-ALK-10517,shopify,5,deny
alkaram-rts-shirt-trouser-dupatta-v-1-25-maroon,Alkaram · Ladies Unstitched Formal Velvet 3 piece,active,TRUE,KJC-LU-ALK-10518,shopify,5,deny
alkaram-rts-shirt-dupatta-f3-7c-25-light-blue,Alkaram · Ladies Unstitched Formal 3 piece,active,TRUE,KJC-LU-ALK-10519,shopify,5,deny
alkaram-rts-shirt-trouser-dupatta-sl-08-25-blush-pink,Alkaram · Ladies Unstitched Formal 3 piece,active,TRUE,KJC-LU-ALK-10520,shopify,5,deny
alkaram-rts-shirt-trouser-dupatta-sl-07-25-pale-peach,Alkaram · Ladies Unstitched Formal 3 piece,active,TRUE,KJC-LU-ALK-10521,shopify,5,deny
alkaram-rts-shirt-trouser-dupatta-sl-04-25-forest-sage,Alkaram · Ladies Unstitched Formal 3 piece,active,TRUE,KJC-LU-ALK-10522,shopify,5,deny
alkaram-rts-shirt-trouser-dupatta-sl-02-25-mint-green,Alkaram · Ladies Unstitched Formal 3 piece,active,TRUE,KJC-LU-ALK-10523,shopify,5,deny
alkaram-rts-shirt-slr-82-25-6-teal,Alkaram · Ladies Unstitched Casual Khaddar 1 piece,active,TRUE,KJC-LU-ALK-10524,shopify,5,deny
alkaram-3-piece-printed-lawn-suit-with-printed-chiffon-dupatta-ss-10-25-1-orange-multi,Alkaram · Ladies Unstitched 3 piece,active,TRUE,KJC-LU-ALK-10525,shopify,5,deny
alkaram-3-pc-printed-khaddar-suit-with-printed-khaddar-dupatta-flrw-18-1-22-multi,Alkaram · Ladies Unstitched Printed 3 piece,active,TRUE,KJC-LU-ALK-10526,shopify,5,deny
alkaram-2-pc-embroidered-lawn-suit-with-lawn-dupatta-61504,Alkaram · Ladies Unstitched Casual Lawn 2 piece,active,TRUE,KJC-LU-ALK-10527,shopify,5,deny
alkaram-2-pc-digital-lawn-suit-with-digital-cotton-net-dupatta,Alkaram · Ladies Unstitched Casual Lawn 2 piece,active,TRUE,KJC-LU-ALK-10528,shopify,5,deny
alkaram-place-mat-tbmt-13-red,Alkaram · Ladies Unstitched Linen,active,TRUE,KJC-LU-ALK-10529,shopify,5,deny
